img_id,names
dec2aafe511bcd90,Plant
dec2aafe511bcd90,Tree
dec2addd03e136f4,Building
dec2addd03e136f4,Car
dec2addd03e136f4,Vehicle
dec2af37391d4765,Beer
dec2af37391d4765,Bottle
dec2af37391d4765,Drink
dec2b430d7bee838,Plant
dec2b430d7bee838,Tree
dec2c6281da7e7c0,Building
dec2c6281da7e7c0,Window
dec2cc7a7f05ccec,Animal
dec2cc7a7f05ccec,Lizard
dec2cc7a7f05ccec,Reptile
dec2cf2eeacdd8e9,Man
dec2cf2eeacdd8e9,Plant
dec2cf2eeacdd8e9,Tree
dec2d44d630daecd,Computer monitor
dec2d44d630daecd,Desk
dec2dc5cc4208120,Mammal
dec2dc5cc4208120,Tree
dec2e7986338db54,Clothing
dec2e7986338db54,Human arm
dec2e7986338db54,Human body
dec2e7986338db54,Human hair
dec2e7986338db54,Human leg
dec2e7986338db54,Man
dec2e7986338db54,Person
dec2e7986338db54,Poster
dec2e7986338db54,Woman
dec2f024cd71af57,Animal
dec2f024cd71af57,Giraffe
dec2fe26b6cf24bd,Clothing
dec2fe26b6cf24bd,French horn
dec2fe26b6cf24bd,Man
dec2fe26b6cf24bd,Musical instrument
dec2fe26b6cf24bd,Person
dec300b8f29a7650,Auto part
dec300b8f29a7650,Clothing
dec300b8f29a7650,Man
dec300b8f29a7650,Person
dec30d5b87f69003,Girl
dec30d5b87f69003,Human face
dec30d5b87f69003,Man
dec30d5b87f69003,Person
dec31129b2d95483,Clothing
dec31129b2d95483,Footwear
dec31129b2d95483,Girl
dec31129b2d95483,Human face
dec31129b2d95483,Person
dec31129b2d95483,Woman
dec31e216e5367f6,Clothing
dec31e216e5367f6,Dress
dec31e216e5367f6,Footwear
dec31e216e5367f6,Girl
dec31e216e5367f6,Man
dec31e216e5367f6,Person
dec31e216e5367f6,Plant
dec337f25e5430cc,Car
dec337f25e5430cc,Land vehicle
dec337f25e5430cc,Street light
dec337f25e5430cc,Vehicle
dec3397d878f534a,Building
dec3397d878f534a,Car
dec3397d878f534a,Land vehicle
dec3397d878f534a,Taxi
dec3397d878f534a,Vehicle
dec3483fcb699bf8,Person
dec3591cd56cb7e0,Clothing
dec3591cd56cb7e0,Human face
dec3591cd56cb7e0,Man
dec3591cd56cb7e0,Person
dec3782da4147fe6,Home appliance
dec3782da4147fe6,Sewing machine
dec37e6ddfcfc298,Clothing
dec37e6ddfcfc298,Person
dec37f1e72a050ca,Face powder
dec37f1e72a050ca,Human face
dec382d90eb07570,Animal
dec382d90eb07570,Clothing
dec382d90eb07570,Footwear
dec382d90eb07570,Jeans
dec382d90eb07570,Person
dec382d90eb07570,Sheep
dec38300e9d819a9,Auto part
dec38300e9d819a9,Truck
dec38300e9d819a9,Vehicle
dec38300e9d819a9,Wheel
dec3923056b00f30,Boy
dec3923056b00f30,Clothing
dec3923056b00f30,Human face
dec3923056b00f30,Person
dec3937cdb96e21f,Building
dec39eccfb9eee4f,Clothing
dec39eccfb9eee4f,Musical instrument
dec39eccfb9eee4f,Person
dec39eccfb9eee4f,Saxophone
dec39eccfb9eee4f,Woman
dec39ef7ca6b09a6,Cupboard
dec39ef7ca6b09a6,Desk
dec39ef7ca6b09a6,Furniture
dec39ef7ca6b09a6,House
dec39ef7ca6b09a6,Shelf
dec39ef7ca6b09a6,Table
dec3a97b1e087073,Building
dec3a97b1e087073,Person
dec3ab46119a50bc,Clothing
dec3ab46119a50bc,Person
dec3b45b4e2dad2c,Traffic sign
dec3b73e5d32c304,Beer
dec3b73e5d32c304,Bottle
dec3b73e5d32c304,Drink
dec3b73e5d32c304,Plant
dec3b73e5d32c304,Tree
dec3b8bc70dd6395,Plant
dec3bedcd486ec96,Building
dec3d318c6b3b830,Palm tree
dec3d318c6b3b830,Swimming pool
dec3d318c6b3b830,Tree
dec3dcd2581fc66c,Clothing
dec3dcd2581fc66c,Glasses
dec3dcd2581fc66c,Human face
dec3dcd2581fc66c,Man
dec3dcd2581fc66c,Person
dec3dcd2581fc66c,Suit
dec3dcd2581fc66c,Woman
dec3f48b4f1ce7f8,House
dec4066e1dce39bf,Sock
dec4076d077ce7f7,Flower
dec4076d077ce7f7,Plant
dec40dc5490196c4,Animal
dec40dc5490196c4,Bird
dec40dc5490196c4,Parrot
dec40dc5490196c4,Person
dec40dc5490196c4,Tree
dec413774ccde8b6,Tree
dec415f6ec240cb6,Clothing
dec415f6ec240cb6,Human arm
dec415f6ec240cb6,Human body
dec415f6ec240cb6,Human hair
dec415f6ec240cb6,Human hand
dec415f6ec240cb6,Human head
dec415f6ec240cb6,Person
dec415f6ec240cb6,Skyscraper
dec415f6ec240cb6,Tower
dec415f6ec240cb6,Woman
dec42045b1c439b2,Plant
dec42045b1c439b2,Tree
dec421d61a6c9844,Animal
dec421d61a6c9844,Horse
dec421d61a6c9844,Human body
dec421d61a6c9844,Human hair
dec421d61a6c9844,Jeans
dec421d61a6c9844,Land vehicle
dec421d61a6c9844,Mammal
dec421d61a6c9844,Man
dec421d61a6c9844,Person
dec421d61a6c9844,Truck
dec421d61a6c9844,Vehicle
dec426452add48b2,Tree
dec444ca57b49ab7,Clothing
dec444ca57b49ab7,Man
dec444ca57b49ab7,Person
dec444ca57b49ab7,Poster
dec45160b539cafc,Clothing
dec45160b539cafc,Dress
dec45160b539cafc,Footwear
dec45160b539cafc,Human body
dec45160b539cafc,Human leg
dec45160b539cafc,Mammal
dec45160b539cafc,Man
dec45160b539cafc,Person
dec45160b539cafc,Woman
dec45d4029ec1f3d,Clothing
dec45d4029ec1f3d,Girl
dec45d4029ec1f3d,Human face
dec45d4029ec1f3d,Person
dec45d4029ec1f3d,Woman
dec46aeffd215681,Clothing
dec46aeffd215681,Dress
dec46aeffd215681,Fashion accessory
dec46aeffd215681,Man
dec46aeffd215681,Person
dec46aeffd215681,Suit
dec46aeffd215681,Umbrella
dec46aeffd215681,Woman
dec4753f668e1324,Bicycle
dec4753f668e1324,Bicycle helmet
dec4753f668e1324,Bicycle wheel
dec4753f668e1324,Land vehicle
dec4753f668e1324,Person
dec4753f668e1324,Sports equipment
dec4753f668e1324,Vehicle
dec47ad854620c52,Clothing
dec47ad854620c52,Human arm
dec47ad854620c52,Human body
dec47ad854620c52,Person
dec47ad854620c52,Sculpture
dec48826546a928f,Home appliance
dec48826546a928f,Washing machine
dec498abd6338ae9,Toy
dec4a1f79c8e5ba9,Human face
dec4a1f79c8e5ba9,Man
dec4a1f79c8e5ba9,Person
dec4a1f79c8e5ba9,Woman
dec4b0cbe0a75702,Animal
dec4b0cbe0a75702,Carnivore
dec4b0cbe0a75702,Lion
dec4b0cbe0a75702,Mammal
dec4b0df3a60149f,Building
dec4b1f999759ad2,Person
dec4b1f999759ad2,Woman
dec4b7f863e47485,Clothing
dec4b7f863e47485,Human mouth
dec4b7f863e47485,Person
dec4cc3e62dd60cf,Clothing
dec4cc3e62dd60cf,Food
dec4d11e1a4d4d2f,Flower
dec4d11e1a4d4d2f,Plant
dec4d7e6b2a8a774,Clothing
dec4d7e6b2a8a774,Girl
dec4d7e6b2a8a774,Human eye
dec4d7e6b2a8a774,Human face
dec4d7e6b2a8a774,Human hair
dec4d7e6b2a8a774,Human head
dec4d7e6b2a8a774,Human mouth
dec4d7e6b2a8a774,Human nose
dec4d7e6b2a8a774,Person
dec4d7e6b2a8a774,Tree
dec4d7e6b2a8a774,Woman
dec4d9936d228d5a,Clothing
dec4d9936d228d5a,Man
dec4d9936d228d5a,Person
dec4e2a74acd5541,Baked goods
dec4e2a74acd5541,Cheese
dec4e2a74acd5541,Dairy Product
dec4e2a74acd5541,Food
dec4f44b915fb299,Clothing
dec4f44b915fb299,Dress
dec4f44b915fb299,Footwear
dec4f44b915fb299,Girl
dec4f44b915fb299,Human face
dec4f44b915fb299,Person
dec4f44b915fb299,Woman
dec4f4ff1ad3c591,Clothing
dec4f4ff1ad3c591,Man
dec4f4ff1ad3c591,Person
dec4f6b3ddb7c04e,Human arm
dec4f6b3ddb7c04e,Human body
dec4f6b3ddb7c04e,Human hand
dec4f6b3ddb7c04e,Person
dec4f6b3ddb7c04e,Poster
dec501018601188e,Clothing
dec501018601188e,Coat
dec501018601188e,Jacket
dec501018601188e,Person
dec501018601188e,Woman
dec50e3869ab89d6,Invertebrate
dec50e3869ab89d6,Jellyfish
dec50e3869ab89d6,Marine invertebrates
dec50f6abc49607c,Car
dec50f6abc49607c,Land vehicle
dec50f6abc49607c,Vehicle
dec51aaa4a8593bd,Girl
dec51aaa4a8593bd,Human face
dec51aaa4a8593bd,Person
dec51e753f49bf46,Cocktail
dec51e753f49bf46,Dessert
dec51e753f49bf46,Drink
dec51e753f49bf46,Food
dec5354a67dea8af,Flower
dec5354a67dea8af,Lily
dec54692339179a6,Animal
dec54692339179a6,Clothing
dec54692339179a6,Human face
dec54692339179a6,Man
dec54692339179a6,Person
dec547f8403c3d4a,Tree
dec54e39cfcbfce8,Clothing
dec54e39cfcbfce8,Human face
dec54e39cfcbfce8,Person
dec54e39cfcbfce8,Woman
dec554ac5fae452f,Car
dec554ac5fae452f,Land vehicle
dec554ac5fae452f,Vehicle
dec55d16757a804f,Clothing
dec55d16757a804f,Fashion accessory
dec55d16757a804f,Fedora
dec55d16757a804f,Footwear
dec55d16757a804f,Jeans
dec55d16757a804f,Person
dec55d16757a804f,Shorts
dec55d16757a804f,Sunglasses
dec57741751292a2,Mobile phone
dec577f54b2dd0c1,Chair
dec577f54b2dd0c1,Furniture
dec577f54b2dd0c1,Plant
dec585c285cc9265,Convenience store
dec585c285cc9265,Person
dec58818abd175ed,Clothing
dec58818abd175ed,Person
dec58818abd175ed,Woman
dec591812f352dce,Human face
dec5959c191854d8,Tree
dec5a14927458cec,Clothing
dec5a14927458cec,Human arm
dec5a14927458cec,Human body
dec5a14927458cec,Human ear
dec5a14927458cec,Human eye
dec5a14927458cec,Human face
dec5a14927458cec,Human hair
dec5a14927458cec,Human hand
dec5a14927458cec,Human head
dec5a14927458cec,Human leg
dec5a14927458cec,Human mouth
dec5a14927458cec,Human nose
dec5a14927458cec,Jacket
dec5a14927458cec,Jeans
dec5a14927458cec,Mammal
dec5a14927458cec,Man
dec5a14927458cec,Person
dec5a14927458cec,Trousers
dec5aef132410ecc,Bicycle
dec5aef132410ecc,Bicycle wheel
dec5aef132410ecc,Land vehicle
dec5aef132410ecc,Person
dec5aef132410ecc,Tree
dec5aef132410ecc,Vehicle
dec5aef132410ecc,Wheel
dec5b58b48a2edde,Flower
dec5b856b214f240,Insect
dec5b856b214f240,Invertebrate
dec5b856b214f240,Moths and butterflies
dec5bb63b844f092,Human face
dec5bb63b844f092,Person
dec5bb63b844f092,Woman
dec5bd0b00e5fc1b,Tree
dec5d04bcc148e33,Girl
dec5d04bcc148e33,Person
dec5d04bcc148e33,Woman
dec5d4505f0714e0,Window
dec5df7f6eca0ac6,Plumbing fixture
dec5df7f6eca0ac6,Shower
dec5e587801ccace,Girl
dec5e587801ccace,Person
dec5e587801ccace,Woman
dec5ee812e595e1e,Clothing
dec5ee812e595e1e,Man
dec5ee812e595e1e,Person
dec5ee812e595e1e,Woman
dec60705e27a4e86,Clothing
dec60705e27a4e86,Cowboy hat
dec60705e27a4e86,Fashion accessory
dec60705e27a4e86,Fedora
dec60705e27a4e86,Hat
dec60705e27a4e86,Man
dec60705e27a4e86,Person
dec60705e27a4e86,Scarf
dec614d4aa4be038,Animal
dec614d4aa4be038,Butterfly
dec614d4aa4be038,Insect
dec614d4aa4be038,Invertebrate
dec614d4aa4be038,Moths and butterflies
dec61ee10aaa3c11,Clothing
dec61ee10aaa3c11,Glasses
dec61ee10aaa3c11,Human face
dec61ee10aaa3c11,Man
dec61ee10aaa3c11,Person
dec61ee10aaa3c11,Suit
dec61ee10aaa3c11,Tie
dec62700fbd73893,Clothing
dec62700fbd73893,Dress
dec62700fbd73893,Human face
dec62700fbd73893,Person
dec62700fbd73893,Woman
dec627fe4a6f4d65,Tree
dec66554f932545e,Building
dec66554f932545e,House
dec66554f932545e,Street light
dec670679bea8369,Clothing
dec670679bea8369,Footwear
dec670679bea8369,Girl
dec670679bea8369,Human face
dec670679bea8369,Man
dec670679bea8369,Person
dec670679bea8369,Woman
dec670f3ccc1ad6a,Earrings
dec670f3ccc1ad6a,Fashion accessory
dec67e11aea4df0b,Man
dec67e11aea4df0b,Person
dec6860c5bc4ed31,Food
dec68da0090c41d1,Ball
dec68da0090c41d1,Man
dec68da0090c41d1,Person
dec68da0090c41d1,Sports equipment
dec69a99e2fd706b,Bed
dec6c8a0705d2a05,Clothing
dec6c8a0705d2a05,Glasses
dec6c8a0705d2a05,Human face
dec6c8a0705d2a05,Man
dec6c8a0705d2a05,Person
dec6deef5e69e5af,Animal
dec6deef5e69e5af,Reptile
dec6deef5e69e5af,Snake
dec6e377ca805d6c,Toy
dec6e72b9fa21381,Tree
dec70ff99d0afefc,Clothing
dec70ff99d0afefc,Drink
dec70ff99d0afefc,Human face
dec70ff99d0afefc,Man
dec70ff99d0afefc,Person
dec70ff99d0afefc,Tableware
dec7136c426b633a,Plant
dec7136c426b633a,Tree
dec7187645e39dbc,Clothing
dec7187645e39dbc,Person
dec7187645e39dbc,Sports equipment
dec73627bfefad11,Building
dec73627bfefad11,Clothing
dec73627bfefad11,Person
dec74c234e8cb96f,Clothing
dec74c234e8cb96f,Dress
dec74c234e8cb96f,Fashion accessory
dec74c234e8cb96f,Human face
dec74c234e8cb96f,Man
dec74c234e8cb96f,Person
dec74c234e8cb96f,Woman
dec74de1f9e6c47c,Invertebrate
dec74de1f9e6c47c,Marine invertebrates
dec75762a6778c83,Building
dec75762a6778c83,Clock
dec75762a6778c83,Tower
dec75a15fbf6c9a5,Land vehicle
dec75a15fbf6c9a5,Person
dec75a15fbf6c9a5,Vehicle
dec76504b9447f3e,Guitar
dec76504b9447f3e,Musical instrument
dec76504b9447f3e,Person
dec76e67d92c3773,Food
dec786c184db046d,Tree
dec7892e30b6c1e4,Clothing
dec7892e30b6c1e4,Footwear
dec7892e30b6c1e4,Man
dec7892e30b6c1e4,Person
dec7892e30b6c1e4,Suit
dec7892e30b6c1e4,Woman
dec79f362387ca48,Clothing
dec79f362387ca48,Musical instrument
dec79f362387ca48,Person
dec7a6b58560656c,Food
dec7bcff3d1202d7,House
dec7bcff3d1202d7,Plant
dec7bcff3d1202d7,Tree
dec7d1c748c68b87,Door
dec7d1c748c68b87,House
dec7d312043eb526,Animal
dec7d312043eb526,Butterfly
dec7d312043eb526,Insect
dec7d312043eb526,Invertebrate
dec7d312043eb526,Moths and butterflies
dec7e68ed11ff63a,Clothing
dec7e68ed11ff63a,Man
dec7e68ed11ff63a,Person
dec7ecfef67ac849,Picture frame
dec7f47bc1bcbfb1,Clothing
dec7f47bc1bcbfb1,Footwear
dec7f47bc1bcbfb1,Land vehicle
dec7f47bc1bcbfb1,Man
dec7f47bc1bcbfb1,Person
dec7f47bc1bcbfb1,Vehicle
dec7fbbec3946c00,Building
dec7fbbec3946c00,Chair
dec7fbbec3946c00,Furniture
dec7fbbec3946c00,House
dec7fbbec3946c00,Kitchen & dining room table
dec7fbbec3946c00,Table
dec7fbbec3946c00,Window
dec800f0adfdf63c,Animal
dec800f0adfdf63c,Clothing
dec800f0adfdf63c,Horse
dec800f0adfdf63c,Man
dec800f0adfdf63c,Mule
dec800f0adfdf63c,Person
dec800f0adfdf63c,Woman
dec8114781963e78,Truck
dec8114781963e78,Van
dec8114781963e78,Vehicle
dec8242a144a71d3,Animal
dec82b93c689907f,Flower
dec82bb14e1e0005,Chair
dec82bb14e1e0005,Clothing
dec82bb14e1e0005,Drink
dec82bb14e1e0005,Furniture
dec82bb14e1e0005,Human face
dec82bb14e1e0005,Man
dec82bb14e1e0005,Person
dec835055cb61822,Building
dec835055cb61822,House
dec835055cb61822,Tree
dec83537fa9dc09e,Clothing
dec83537fa9dc09e,Picture frame
dec84a36a0b63e18,Boy
dec84a36a0b63e18,Clothing
dec84a36a0b63e18,Footwear
dec84a36a0b63e18,Jeans
dec84a36a0b63e18,Man
dec84a36a0b63e18,Person
dec84eb15f69d21e,Clothing
dec84eb15f69d21e,Footwear
dec84eb15f69d21e,Human arm
dec84eb15f69d21e,Human body
dec84eb15f69d21e,Human ear
dec84eb15f69d21e,Human eye
dec84eb15f69d21e,Human face
dec84eb15f69d21e,Human hair
dec84eb15f69d21e,Human hand
dec84eb15f69d21e,Human head
dec84eb15f69d21e,Human mouth
dec84eb15f69d21e,Human nose
dec84eb15f69d21e,Mammal
dec84eb15f69d21e,Person
dec861b76a6b4f91,Clothing
dec861b76a6b4f91,Footwear
dec861b76a6b4f91,Girl
dec861b76a6b4f91,Person
dec861b76a6b4f91,Skirt
dec861b76a6b4f91,Woman
dec86c0ccfc62802,Coin
dec886adbf441514,Boat
dec886adbf441514,House
dec886adbf441514,Vehicle
dec886adbf441514,Watercraft
dec88f39e58fdd54,Animal
dec88f39e58fdd54,Goat
dec8a29017783b6e,Human face
dec8a29017783b6e,Man
dec8a29017783b6e,Person
dec8a29017783b6e,Table
dec8a4008cfae708,Clothing
dec8a4008cfae708,Person
dec8aa477b0acd60,Animal
dec8aa477b0acd60,Horse
dec8ad9750ad2ced,Clothing
dec8ad9750ad2ced,Human face
dec8ad9750ad2ced,Man
dec8ad9750ad2ced,Person
dec8ba656e90003b,Clothing
dec8ba656e90003b,Person
dec8bdc8e1b58a24,Building
dec8bdc8e1b58a24,Plant
dec8bdc8e1b58a24,Tree
dec8bf07769e3129,Clothing
dec8bf07769e3129,Footwear
dec8bf07769e3129,Jacket
dec8bf07769e3129,Jeans
dec8bf07769e3129,Man
dec8bf07769e3129,Person
dec8bf07769e3129,Trousers
dec8d159fa6b2337,Human face
dec8d159fa6b2337,Man
dec8d159fa6b2337,Person
dec8d8865d1908c4,Footwear
dec8d8865d1908c4,Girl
dec8d8865d1908c4,Human arm
dec8d8865d1908c4,Human body
dec8d8865d1908c4,Human hair
dec8d8865d1908c4,Human head
dec8d8865d1908c4,Human leg
dec8d8865d1908c4,Man
dec8d8865d1908c4,Person
dec8e693fe43be21,Car
dec8e693fe43be21,Clothing
dec8e693fe43be21,Land vehicle
dec8e693fe43be21,Man
dec8e693fe43be21,Person
dec8e693fe43be21,Vehicle
dec8eceb725675fe,Boat
dec8eceb725675fe,Vehicle
dec8eceb725675fe,Watercraft
dec8fc68ceba7a45,Plant
dec8fc68ceba7a45,Tree
dec905555b1f0da9,Person
dec90bd04cd5b27c,Man
dec90bd04cd5b27c,Person
dec920db0c4a0c20,Ball
dec920db0c4a0c20,Clothing
dec920db0c4a0c20,Football
dec920db0c4a0c20,Footwear
dec920db0c4a0c20,Human face
dec920db0c4a0c20,Man
dec920db0c4a0c20,Person
dec920db0c4a0c20,Sports equipment
dec920db0c4a0c20,Sports uniform
dec9229b7fda48c9,Clothing
dec9229b7fda48c9,Musical instrument
dec9229b7fda48c9,Person
dec92331c1d0c241,Clothing
dec92331c1d0c241,Person
dec934aefd57675d,Clothing
dec934aefd57675d,Fedora
dec934aefd57675d,Hat
dec934aefd57675d,Human face
dec934aefd57675d,Man
dec934aefd57675d,Person
dec934aefd57675d,Sun hat
dec934aefd57675d,Tree
dec9370224ae10af,Person
dec9370224ae10af,Poster
dec93e6629dea440,Ball
dec93e6629dea440,Clothing
dec93e6629dea440,Fashion accessory
dec93e6629dea440,Girl
dec93e6629dea440,Human face
dec93e6629dea440,Person
dec93e6629dea440,Woman
dec9416c75a46d87,Animal
dec9416c75a46d87,Plant
dec9416c75a46d87,Sculpture
dec94450c42547dd,Clothing
dec94450c42547dd,Human face
dec94450c42547dd,Person
dec94450c42547dd,Tree
dec94450c42547dd,Woman
dec9483cd1b8601c,Animal
dec9483cd1b8601c,Horse
dec950d6c1e7cc0c,Clothing
dec950d6c1e7cc0c,Human face
dec950d6c1e7cc0c,Person
dec950d6c1e7cc0c,Table
dec950d6c1e7cc0c,Woman
dec956b822ff7152,Food
dec973cf6385498e,Doll
dec973cf6385498e,Human face
dec973cf6385498e,Person
dec973cf6385498e,Toy
dec973cf6385498e,Woman
dec97de61af786a2,Building
dec97de61af786a2,Horse
dec97de61af786a2,House
dec97de61af786a2,Plant
dec981d6ea873c5c,Building
dec981d6ea873c5c,Clothing
dec981d6ea873c5c,Footwear
dec981d6ea873c5c,Human arm
dec981d6ea873c5c,Human body
dec981d6ea873c5c,Human hair
dec981d6ea873c5c,Human leg
dec981d6ea873c5c,Human nose
dec981d6ea873c5c,Person
dec981d6ea873c5c,Tree
dec9908f78a65aae,Bicycle
dec9908f78a65aae,Bicycle wheel
dec9908f78a65aae,Clothing
dec9908f78a65aae,Land vehicle
dec9908f78a65aae,Man
dec9908f78a65aae,Person
dec9908f78a65aae,Sports equipment
dec9908f78a65aae,Table
dec9908f78a65aae,Tree
dec9908f78a65aae,Vehicle
dec9908f78a65aae,Wheel
dec99f567e07d83c,Animal
dec99f567e07d83c,Fish
dec99f567e07d83c,Seafood
dec9b4c4f895e09a,Clothing
dec9b4c4f895e09a,Girl
dec9b4c4f895e09a,Human face
dec9b4c4f895e09a,Person
dec9b6640762dcce,Clothing
dec9b6640762dcce,Man
dec9b6640762dcce,Person
dec9b6640762dcce,Table
dec9bf3d0dab70a0,Baked goods
dec9bf3d0dab70a0,Cake
dec9bf3d0dab70a0,Dessert
dec9bf3d0dab70a0,Food
dec9bf3d0dab70a0,Snack
dec9c9645076fc17,Animal
dec9c9645076fc17,Carnivore
dec9c9645076fc17,Dog
dec9c9645076fc17,Plant
dec9cd201ab40611,Picture frame
dec9d873b34e8a7d,Bicycle
dec9d873b34e8a7d,Bicycle wheel
dec9d873b34e8a7d,Clothing
dec9d873b34e8a7d,Footwear
dec9d873b34e8a7d,Girl
dec9d873b34e8a7d,Land vehicle
dec9d873b34e8a7d,Palm tree
dec9d873b34e8a7d,Person
dec9d873b34e8a7d,Plant
dec9d873b34e8a7d,Sports equipment
dec9d873b34e8a7d,Tree
dec9d873b34e8a7d,Vehicle
dec9d98127a9e5a2,Aircraft
dec9d98127a9e5a2,Airplane
dec9d98127a9e5a2,Vehicle
dec9e8e354a1ce29,Plant
dec9e8e354a1ce29,Tree
dec9ee8aff5d31b8,Building
dec9ee8aff5d31b8,Plant
dec9ee8aff5d31b8,Tree
dec9f87367742672,Tree
dec9fd7b28fa6e25,Building
dec9fd7b28fa6e25,House
dec9fd7b28fa6e25,Plant
dec9fd7b28fa6e25,Tree
dec9fd7b28fa6e25,Window
deca144532b2d06f,Ball
deca144532b2d06f,Football
deca1b7df7f3056b,Bicycle
deca1b7df7f3056b,Building
deca1b7df7f3056b,Clothing
deca1b7df7f3056b,House
deca1b7df7f3056b,Land vehicle
deca1b7df7f3056b,Man
deca1b7df7f3056b,Person
deca1b7df7f3056b,Tree
deca1b7df7f3056b,Vehicle
deca1b7df7f3056b,Wheel
deca1b7df7f3056b,Woman
deca1c28050175a8,Boy
deca1c28050175a8,Clothing
deca1c28050175a8,Girl
deca1c28050175a8,Glasses
deca1c28050175a8,Goggles
deca1c28050175a8,Human face
deca1c28050175a8,Man
deca1c28050175a8,Person
deca1c28050175a8,Sunglasses
deca1c28050175a8,Woman
deca35c7ff777d2e,Flower
deca35c7ff777d2e,Plant
deca3f8b5e0b9035,Animal
deca3f8b5e0b9035,Bird
deca5e42907a26c5,Clothing
deca5e42907a26c5,Human leg
deca69380ff1732d,Clothing
deca69380ff1732d,Fashion accessory
deca69380ff1732d,Human face
deca69380ff1732d,Man
deca69380ff1732d,Person
deca69380ff1732d,Woman
deca7dd70e898e73,Plant
deca7dd70e898e73,Tree
deca8a9da432664b,Mobile phone
deca8a9da432664b,Tree
deca8d40755aeea2,Car
deca8d40755aeea2,Land vehicle
deca8d40755aeea2,Tire
deca8d40755aeea2,Vehicle
deca90eda497c5eb,Street light
deca90eda497c5eb,Tree
decaa0c09a259ebb,Animal
decaa0c09a259ebb,Bird
decaa0c09a259ebb,Clothing
decaa0c09a259ebb,Girl
decaa0c09a259ebb,Human face
decaa0c09a259ebb,Man
decaa0c09a259ebb,Owl
decaa0c09a259ebb,Person
decaa0cdb2ba7a64,Clothing
decaa0cdb2ba7a64,Man
decaa0cdb2ba7a64,Person
decaad5e6d8c7cb6,House
decaad5e6d8c7cb6,Plant
decabef472ca12b0,Girl
decabef472ca12b0,Person
decac0afc4cbe58a,Car
decac0afc4cbe58a,Land vehicle
decac0afc4cbe58a,Tree
decac0afc4cbe58a,Vehicle
decac22f5b89bd0a,Tree
decac8e03348ea64,Clock
decac8e03348ea64,Fashion accessory
decacdaa7472b838,Sculpture
decae3455833ae64,Flower
decae3455833ae64,Plant
decae3455833ae64,Rose
decae788203b7571,Clothing
decae788203b7571,Human face
decae788203b7571,Person
decae788203b7571,Window
decae788203b7571,Woman
decaee60ad68cecc,Tree
decb075caf3cb257,Plant
decb0d187752cc24,Clothing
decb0d187752cc24,Human face
decb0d187752cc24,Man
decb0d187752cc24,Person
decb0d187752cc24,Woman
decb24593af64efe,Building
decb24593af64efe,House
decb24593af64efe,Window
decb24acbefe6cd5,Building
decb24acbefe6cd5,Clothing
decb24acbefe6cd5,Man
decb24acbefe6cd5,Person
decb411775a6cbc4,Clothing
decb411775a6cbc4,Girl
decb411775a6cbc4,Human face
decb411775a6cbc4,Man
decb411775a6cbc4,Person
decb411775a6cbc4,Woman
decb4a476e4ad6d8,Tree
decb4af251a1b7de,Plant
decb64a82a798cbc,Building
decb64a82a798cbc,Skyscraper
decb64a82a798cbc,Tower
decb6e381e742447,Book
decb6e381e742447,Poster
decb6e381e742447,Tree
decb6eb021fa6cd2,Plant
decb6eb021fa6cd2,Tree
decb71d98e834cd4,Auto part
decb71d98e834cd4,Car
decb71d98e834cd4,Vehicle
decb7866e3f8ccb6,Flower
decb7866e3f8ccb6,Plant
decb7866e3f8ccb6,Tree
decb7edfc0e1c062,Tree
decb86b9ac0ac98d,Tree
decb954d3b665e98,Clothing
decb954d3b665e98,Footwear
decb954d3b665e98,Man
decb954d3b665e98,Person
decb954d3b665e98,Shorts
decb954d3b665e98,Woman
decb99bdb8ab0f85,Aircraft
decb99bdb8ab0f85,Airplane
decb9a4bfad7168f,Clothing
decb9a4bfad7168f,Human face
decb9a4bfad7168f,Man
decb9a4bfad7168f,Person
decb9a4bfad7168f,Table
decb9f82a84aeb62,Clothing
decb9f82a84aeb62,Human face
decb9f82a84aeb62,Man
decb9f82a84aeb62,Person
decba2271824c972,Tower
decbbfea09570e55,Clothing
decbbfea09570e55,Fashion accessory
decbbfea09570e55,Human face
decbbfea09570e55,Man
decbbfea09570e55,Person
decbbfea09570e55,Woman
decbc3e6c2704f6b,Snack
decbc61a3a9a3487,Plant
decbc88bd5a484c4,Footwear
decbc88bd5a484c4,Human body
decbc88bd5a484c4,Human leg
decbc88bd5a484c4,Person
decbce50fef97a97,Furniture
decbce50fef97a97,Television
decbe34584bd5959,Building
decbe34584bd5959,House
decbe34584bd5959,Street light
decbe34584bd5959,Tree
decbe34584bd5959,Window
decbf9213b2ad6fa,Clothing
decbf9213b2ad6fa,Footwear
decbf9213b2ad6fa,Man
decbf9213b2ad6fa,Person
decbf9213b2ad6fa,Woman
decc1f64d9ce34ab,Boat
decc1f64d9ce34ab,Vehicle
decc1f64d9ce34ab,Watercraft
decc2b881950b8f2,Car
decc2b881950b8f2,House
decc2b881950b8f2,Land vehicle
decc2b881950b8f2,Plant
decc2b881950b8f2,Street light
decc2b881950b8f2,Tree
decc2b881950b8f2,Vehicle
decc4c7e72d2825b,Bus
decc4c7e72d2825b,Land vehicle
decc4c7e72d2825b,Man
decc4c7e72d2825b,Vehicle
decc4cfc05386eb4,Animal
decc4cfc05386eb4,Carnivore
decc4cfc05386eb4,Dog
decc5183fff6c10a,Building
decc5183fff6c10a,Clothing
decc5183fff6c10a,Human arm
decc5183fff6c10a,Human body
decc5183fff6c10a,Human hair
decc5183fff6c10a,Mammal
decc5183fff6c10a,Man
decc5183fff6c10a,Person
decc551ccfff458f,Clothing
decc551ccfff458f,Furniture
decc551ccfff458f,Human face
decc551ccfff458f,Man
decc551ccfff458f,Person
decc551ccfff458f,Table
decc58f1694ad638,Clothing
decc58f1694ad638,Human face
decc58f1694ad638,Person
decc5fa2d818989f,Animal
decc5fa2d818989f,Cattle
decc5fa2d818989f,Plant
decc68cb92878ee1,Bird
decc68cb92878ee1,Poster
decc88044a216030,Building
decc8b784852fdcf,Clothing
decc8b784852fdcf,Human face
decc8b784852fdcf,Jeans
decc8b784852fdcf,Man
decc8b784852fdcf,Person
decc8b784852fdcf,Woman
decc8d0cf4eff7e5,Boy
decc8d0cf4eff7e5,Man
decc8d0cf4eff7e5,Person
decc8db5289b1d3c,Clothing
decc8db5289b1d3c,Human face
decc8db5289b1d3c,Person
decc8db5289b1d3c,Tree
decc8db5289b1d3c,Woman
decca77788b25ddf,Man
decca77788b25ddf,Person
deccabd2aaa62da6,Plant
deccb3051c749ed8,Animal
deccb3051c749ed8,Bird
deccb3051c749ed8,Owl
deccb3051c749ed8,Scissors
deccba691c432834,Tree
deccc03564a3d44d,Plant
deccc03564a3d44d,Tree
deccdca027a3ca18,Animal
deccdca027a3ca18,Bear
deccdca027a3ca18,Carnivore
deccdca027a3ca18,Clothing
decceeb7b7c40596,Camera
decceeb7b7c40596,Human face
decceeb7b7c40596,Mirror
decceeb7b7c40596,Person
decd01b4e0fa98f5,Building
decd01b4e0fa98f5,Car
decd01b4e0fa98f5,Land vehicle
decd01b4e0fa98f5,Plant
decd01b4e0fa98f5,Tree
decd01b4e0fa98f5,Van
decd01b4e0fa98f5,Vehicle
decd01b4e0fa98f5,Wheel
decd01b4e0fa98f5,Window
decd06d5f8f2fdc2,Boy
decd06d5f8f2fdc2,Clothing
decd06d5f8f2fdc2,Footwear
decd06d5f8f2fdc2,Girl
decd06d5f8f2fdc2,Person
decd06d5f8f2fdc2,Woman
decd17c30b8c4f06,Chair
decd17c30b8c4f06,Clothing
decd17c30b8c4f06,Furniture
decd17c30b8c4f06,Human face
decd17c30b8c4f06,Man
decd17c30b8c4f06,Person
decd17c30b8c4f06,Suit
decd17c30b8c4f06,Table
decd1ab3ff64da71,Door
decd2649decac42d,Chair
decd2649decac42d,Furniture
decd32c8bcfcec75,Clothing
decd32c8bcfcec75,Man
decd32c8bcfcec75,Parachute
decd32c8bcfcec75,Person
decd5d9457a3ecb6,Animal
decd5d9457a3ecb6,Bird
decd665adbcc6b6c,Clothing
decd665adbcc6b6c,Guitar
decd665adbcc6b6c,Jeans
decd665adbcc6b6c,Man
decd665adbcc6b6c,Musical instrument
decd665adbcc6b6c,Person
decd7114e09b7c95,Clothing
decd7114e09b7c95,Man
decd7114e09b7c95,Person
decd7216a4ff2da3,Clothing
decd7216a4ff2da3,Glasses
decd7216a4ff2da3,Human face
decd7216a4ff2da3,Man
decd7216a4ff2da3,Person
decd7313a88410d9,Coffee cup
decd7313a88410d9,Mobile phone
decd7313a88410d9,Mug
decd7313a88410d9,Tableware
decd763cd3e49c92,Clothing
decd763cd3e49c92,Glasses
decd763cd3e49c92,Human face
decd763cd3e49c92,Person
decd763cd3e49c92,Woman
decd79f9720e3cf4,Baked goods
decd79f9720e3cf4,Dessert
decd79f9720e3cf4,Food
decd87373b6c1576,Animal
decd87373b6c1576,Carnivore
decd87373b6c1576,Dog
decd89f43963595f,Building
decd89f43963595f,Land vehicle
decd89f43963595f,Tree
decd89f43963595f,Vehicle
decda6535b863264,Guitar
decda6535b863264,Musical instrument
decda6535b863264,Person
decda7f87d15d8ef,Plant
decdcaebd31180e0,Clothing
decdcaebd31180e0,Person
decdcaebd31180e0,Tree
decdcdb3311fc6f4,Poster
decdf08ae61c31ee,Animal
decdf08ae61c31ee,Insect
decdf08ae61c31ee,Invertebrate
decdf1acc02c67f4,Plant
decdf1acc02c67f4,Tree
decdf256e4751c12,Book
decdf256e4751c12,Person
decdf6a7673608bd,House
decdf6a7673608bd,Plant
decdf6a7673608bd,Tree
decdf828d1199cd6,Building
decdf828d1199cd6,Cabinetry
decdf828d1199cd6,Chair
decdf828d1199cd6,Furniture
dece071aa49daa53,Clothing
dece071aa49daa53,Man
dece071aa49daa53,Person
dece071aa49daa53,Tree
dece252fa409882c,Plant
dece2c7afa8975ea,Clothing
dece2c7afa8975ea,Girl
dece2c7afa8975ea,Human body
dece2c7afa8975ea,Human face
dece2c7afa8975ea,Human hair
dece2c7afa8975ea,Human head
dece2c7afa8975ea,Human nose
dece2c7afa8975ea,Mammal
dece2c7afa8975ea,Person
dece30d460478b87,Bottle
dece30d460478b87,Drink
dece30d460478b87,Food
dece30d460478b87,Fruit
dece30d460478b87,Wine
dece3162c12c1f65,Clothing
dece3162c12c1f65,Footwear
dece3162c12c1f65,Man
dece3162c12c1f65,Person
dece3162c12c1f65,Sports equipment
dece3162c12c1f65,Sports uniform
dece3496554d8170,Boat
dece3496554d8170,Vehicle
dece3496554d8170,Watercraft
dece37d3beb907df,Building
dece37d3beb907df,Furniture
dece37d3beb907df,Person
dece38b508350dc4,Clothing
dece38b508350dc4,Human face
dece38b508350dc4,Man
dece38b508350dc4,Person
dece392486cdaaf3,Tree
dece3bc254214b48,Fast food
dece3bc254214b48,Food
dece3bc254214b48,Salad
dece3bc254214b48,Vegetable
dece438fb67422a6,Clothing
dece438fb67422a6,Human arm
dece438fb67422a6,Human body
dece438fb67422a6,Human hand
dece438fb67422a6,Person
dece4b14ad7ad560,Bottle
dece4b14ad7ad560,Drink
dece509670b26b06,Clothing
dece509670b26b06,Human arm
dece509670b26b06,Human body
dece509670b26b06,Human hair
dece509670b26b06,Human hand
dece509670b26b06,Human head
dece509670b26b06,Mammal
dece509670b26b06,Man
dece509670b26b06,Person
dece509670b26b06,Tree
dece5c777505513a,Building
dece5c777505513a,Plant
dece5c777505513a,Skyscraper
dece5c777505513a,Tower
dece5c777505513a,Tree
dece5d8add14ef22,Food
dece7c0892360af4,Human eye
dece8b680ca16260,Building
dece8b680ca16260,House
dece8b680ca16260,Plant
dece8b680ca16260,Stairs
dece8b680ca16260,Tree
dece8d25606043b0,Maple
dece90e93be1d7c8,Baked goods
dece90e93be1d7c8,Fast food
dece90e93be1d7c8,Food
dece90e93be1d7c8,Snack
dece952174723825,Person
dece952174723825,Sports equipment
dece9bf3396c7126,Clothing
dece9bf3396c7126,Human arm
dece9bf3396c7126,Human eye
dece9bf3396c7126,Human face
dece9bf3396c7126,Human hair
dece9bf3396c7126,Human head
dece9bf3396c7126,Human nose
dece9bf3396c7126,Mammal
dece9bf3396c7126,Man
dece9bf3396c7126,Person
dece9bf3396c7126,Woman
dece9feb4e2504e4,Girl
dece9feb4e2504e4,Human eye
dece9feb4e2504e4,Human face
dece9feb4e2504e4,Human hair
dece9feb4e2504e4,Human head
dece9feb4e2504e4,Human nose
dece9feb4e2504e4,Mammal
dece9feb4e2504e4,Person
decea17d1aec250b,Car
decea17d1aec250b,Flower
decea17d1aec250b,Land vehicle
decea17d1aec250b,Plant
decea17d1aec250b,Tree
decea17d1aec250b,Vehicle
deceb3451d4e13ef,Flower
deceb3451d4e13ef,Plant
deceb6ad8a8d8556,Animal
deceb6ad8a8d8556,Beetle
deceb6ad8a8d8556,Insect
deceb6ad8a8d8556,Invertebrate
decec0fe82ca68ac,Clothing
decec0fe82ca68ac,Girl
decec0fe82ca68ac,Human arm
decec0fe82ca68ac,Human eye
decec0fe82ca68ac,Human face
decec0fe82ca68ac,Human hair
decec0fe82ca68ac,Human head
decec0fe82ca68ac,Human nose
decec0fe82ca68ac,Person
decec0fe82ca68ac,Woman
decec72650551816,Clothing
decec72650551816,Mammal
decec72650551816,Person
deced4d4ef54f480,Clothing
deced4d4ef54f480,Human face
deced4d4ef54f480,Person
deced4d4ef54f480,Sculpture
deced6b0131e0097,Clothing
deced6b0131e0097,Footwear
deced6b0131e0097,Man
deced6b0131e0097,Person
deced6b0131e0097,Woman
decee44362272b69,Plant
decee44362272b69,Tree
decef02a3bba1227,Plant
decef02a3bba1227,Tree
decef87474ae3396,Tree
decf16cfd40c6aaa,Flower
decf16cfd40c6aaa,Plant
decf25d3e86635b8,Camera
decf38f46f2c40dd,Boat
decf38f46f2c40dd,Flag
decf38f46f2c40dd,Vehicle
decf4a1ce28fcc5b,Plant
decf4a1ce28fcc5b,Tree
decf601aaaffeb54,Clothing
decf601aaaffeb54,Man
decf601aaaffeb54,Person
decf601aaaffeb54,Poster
decf601aaaffeb54,Suit
decf68a6aa086a51,Animal
decf68a6aa086a51,Carnivore
decf68a6aa086a51,Cat
decf68a6aa086a51,Toy
decf753c72f80248,Land vehicle
decf753c72f80248,Traffic light
decf753c72f80248,Truck
decf753c72f80248,Vehicle
decf760db83e9240,Bicycle
decf760db83e9240,Bicycle wheel
decf760db83e9240,Land vehicle
decf760db83e9240,Tire
decf760db83e9240,Vehicle
decf760db83e9240,Wheel
decf77cdda46af15,Clothing
decf77cdda46af15,Poster
decf7fcd8c229dd6,Beer
decf7fcd8c229dd6,Clothing
decf7fcd8c229dd6,Dress
decf7fcd8c229dd6,Drink
decf7fcd8c229dd6,Human face
decf7fcd8c229dd6,Man
decf7fcd8c229dd6,Person
decf7fcd8c229dd6,Woman
decf81b857315a08,Clothing
decf81b857315a08,Footwear
decf81b857315a08,Girl
decf81b857315a08,Man
decf81b857315a08,Person
decf8cf03b466395,Clothing
decf8cf03b466395,Footwear
decf8cf03b466395,Glasses
decf8cf03b466395,Human face
decf8cf03b466395,Man
decf8cf03b466395,Person
decf8cf03b466395,Sunglasses
decf8cf03b466395,Swimwear
decf8cf03b466395,Tree
decf8cf03b466395,Woman
decf93fb98b73465,Food
decf9bc63ea9c66e,Car
decf9bc63ea9c66e,Land vehicle
decf9bc63ea9c66e,Tire
decf9bc63ea9c66e,Vehicle
decf9bc63ea9c66e,Wheel
decf9f8df5e6399c,Person
decf9f8df5e6399c,Poster
decfb592a88cbd63,Clothing
decfb592a88cbd63,Girl
decfb592a88cbd63,Man
decfb592a88cbd63,Person
decfb592a88cbd63,Woman
decfb713af84dcad,Plant
decfb713af84dcad,Tree
decfbf873a30b57e,Clothing
decfbf873a30b57e,Flower
decfbf873a30b57e,Person
decfbf873a30b57e,Plant
decfbf873a30b57e,Tree
decfc35443195b88,Common sunflower
decfc35443195b88,Flower
decfc35443195b88,Plant
decfc399f822b414,Building
decfc399f822b414,Skyscraper
decfc399f822b414,Tower
decfcbb92e0c0404,Clothing
decfcbb92e0c0404,Man
decfcbb92e0c0404,Person
decfd07abd009285,Plant
decfd07abd009285,Tree
decfe8e59bfd46ff,Boat
decfe8e59bfd46ff,Vehicle
decfe8e59bfd46ff,Watercraft
decff81e1103636b,Boy
decff81e1103636b,Clothing
decff81e1103636b,Footwear
decff81e1103636b,Girl
decff81e1103636b,Human face
decff81e1103636b,Man
decff81e1103636b,Person
decff81e1103636b,Woman
decffc42b5b44df7,Vehicle
decffce6d1ff2cb4,Boy
decffce6d1ff2cb4,Human face
decffce6d1ff2cb4,Person
decffdab091324af,Flower
decffdab091324af,Rose
ded0001e839a1d5a,Bicycle
ded0001e839a1d5a,Bicycle wheel
ded0001e839a1d5a,Land vehicle
ded0001e839a1d5a,Man
ded0001e839a1d5a,Person
ded0001e839a1d5a,Sports equipment
ded0001e839a1d5a,Vehicle
ded0001e839a1d5a,Wheel
ded00a82923f5948,Tree
ded00eb1a02b9e54,Animal
ded00eb1a02b9e54,Cat
ded00eb1a02b9e54,Clothing
ded00eb1a02b9e54,Toy
ded01210213d2750,Building
ded01210213d2750,Plant
ded01210213d2750,Tree
ded0158f1dbdef08,Animal
ded01744b2885b96,Building
ded01744b2885b96,Skyscraper
ded0244f6890a067,Flower
ded0244f6890a067,Plant
ded02a97ff7d2480,Clothing
ded02a97ff7d2480,Dress
ded02a97ff7d2480,Human body
ded02a97ff7d2480,Man
ded02a97ff7d2480,Person
ded02a97ff7d2480,Woman
ded0332003bb2f35,Clothing
ded0332003bb2f35,Footwear
ded0332003bb2f35,Man
ded0332003bb2f35,Person
ded0332003bb2f35,Woman
ded03f2d95f34c92,Clothing
ded03f2d95f34c92,Man
ded03f2d95f34c92,Person
ded03f2d95f34c92,Suit
ded053b031e89d83,Clothing
ded053b031e89d83,Human arm
ded053b031e89d83,Human body
ded053b031e89d83,Human hand
ded053b031e89d83,Man
ded053b031e89d83,Person
ded05c7ceca83a90,Animal
ded05c7ceca83a90,Bird
ded05c7ceca83a90,Chicken
ded05fb8a543f1bc,Window
ded07384297c5cc9,Boy
ded07384297c5cc9,Clothing
ded07384297c5cc9,Girl
ded07384297c5cc9,Human face
ded07384297c5cc9,Person
ded07384297c5cc9,Tree
ded073c43e986b60,Clothing
ded073c43e986b60,Girl
ded073c43e986b60,Glasses
ded073c43e986b60,Human face
ded073c43e986b60,Person
ded073c43e986b60,Woman
ded075431327a19f,Person
ded099e611f9ec14,Plant
ded099e611f9ec14,Tree
ded09d2d12025b68,Animal
ded0a7c425a29d13,Clothing
ded0a7c425a29d13,Dress
ded0a7c425a29d13,Fashion accessory
ded0a7c425a29d13,Man
ded0a7c425a29d13,Person
ded0a7c425a29d13,Suit
ded0a7c425a29d13,Woman
ded0abc51ef94129,Food
ded0b20c3488627e,Clothing
ded0b20c3488627e,Glasses
ded0b20c3488627e,Human face
ded0b20c3488627e,Man
ded0b20c3488627e,Person
ded0b20c3488627e,Suit
ded0b20c3488627e,Sunglasses
ded0b20c3488627e,Tie
ded0b7147485287d,Clothing
ded0b7147485287d,Footwear
ded0b7147485287d,Goggles
ded0b7147485287d,Helmet
ded0b7147485287d,Person
ded0b7147485287d,Sports equipment
ded0ba825f8ecd55,House
ded0ba825f8ecd55,Tree
ded0bbb1985974e2,Boy
ded0bbb1985974e2,Christmas tree
ded0bbb1985974e2,Clothing
ded0bbb1985974e2,Fashion accessory
ded0bbb1985974e2,Human face
ded0bbb1985974e2,Human head
ded0bbb1985974e2,Human mouth
ded0bbb1985974e2,Person
ded0c69f9640d6eb,Plant
ded0c69f9640d6eb,Sculpture
ded0c69f9640d6eb,Tree
ded0cc8f72e1bb6a,Clothing
ded0cc8f72e1bb6a,Human face
ded0cc8f72e1bb6a,Person
ded0dd3f76310ee8,Bottle
ded0dd3f76310ee8,Clothing
ded0dd3f76310ee8,Drink
ded0dd3f76310ee8,Human arm
ded0dd3f76310ee8,Human body
ded0dd3f76310ee8,Human face
ded0dd3f76310ee8,Human hair
ded0dd3f76310ee8,Human head
ded0dd3f76310ee8,Human leg
ded0dd3f76310ee8,Human mouth
ded0dd3f76310ee8,Human nose
ded0dd3f76310ee8,Man
ded0dd3f76310ee8,Person
ded0dd3f76310ee8,Wine
ded0dd3f76310ee8,Woman
ded0ebd1b6a68d21,Building
ded0ebd1b6a68d21,Clothing
ded0ebd1b6a68d21,Human face
ded0ebd1b6a68d21,Man
ded0ebd1b6a68d21,Person
ded0ebd1b6a68d21,Woman
ded0faa235f00480,Flower
ded0faa235f00480,Plant
ded0fcccbd2a2576,Mammal
ded0fcccbd2a2576,Skull
ded10881e8dca91b,Clothing
ded10881e8dca91b,Person
ded12b827dd972d0,Flower
ded12b827dd972d0,Plant
ded136d4dc04f0c5,Clothing
ded136d4dc04f0c5,Human face
ded136d4dc04f0c5,Man
ded136d4dc04f0c5,Person
ded141fd736f2cf2,Christmas tree
ded141fd736f2cf2,Tree
ded14660635e12db,Plant
ded14660635e12db,Poster
ded14660635e12db,Tree
ded175d289526045,Glasses
ded175d289526045,Human face
ded175d289526045,Man
ded175d289526045,Person
ded175d289526045,Tool
ded17f4bca77c668,Clothing
ded17f4bca77c668,Girl
ded17f4bca77c668,Man
ded17f4bca77c668,Person
ded17f4bca77c668,Woman
ded186466696ce7a,Desk
ded186466696ce7a,Fireplace
ded186466696ce7a,Furniture
ded186466696ce7a,Table
ded19330a3ef46f4,Tree
ded1983c6231dd12,Bottle
ded1983c6231dd12,Drink
ded1983c6231dd12,Tableware
ded1983c6231dd12,Wine
ded1b8300ffface1,Boy
ded1b8300ffface1,Clothing
ded1c77dcc775613,Door
ded1c92b661d56ec,Tree
ded1d29c26ef2e58,Clothing
ded1d29c26ef2e58,Dress
ded1d29c26ef2e58,Footwear
ded1d29c26ef2e58,Person
ded1d29c26ef2e58,Woman
ded1df333f33bbc7,Plant
ded1df333f33bbc7,Tree
ded1e69e9e4f0c76,Window
ded1ef4875fcad67,Clothing
ded1ef4875fcad67,Footwear
ded1ef4875fcad67,Land vehicle
ded1ef4875fcad67,Person
ded1ef4875fcad67,Train
ded1ef4875fcad67,Vehicle
ded1ef4875fcad67,Woman
ded1f576c9da349e,Car
ded1f576c9da349e,Land vehicle
ded1f576c9da349e,Vehicle
ded1f576c9da349e,Wheel
ded1f86d0641b816,Auto part
ded1f86d0641b816,Car
ded1f86d0641b816,Clothing
ded1f86d0641b816,Land vehicle
ded1f86d0641b816,Man
ded1f86d0641b816,Person
ded1f86d0641b816,Vehicle
ded209ec7c7020ca,Car
ded209ec7c7020ca,Land vehicle
ded209ec7c7020ca,Vehicle
ded209ec7c7020ca,Wheel
ded20f73e2e9b2b1,Human face
ded20f73e2e9b2b1,Man
ded20f73e2e9b2b1,Person
ded20f73e2e9b2b1,Piano
ded2176d7a8de381,Book
ded2176d7a8de381,Human face
ded2176d7a8de381,Person
ded2176d7a8de381,Woman
ded22dd037d3480f,Boot
ded22dd037d3480f,Clothing
ded22dd037d3480f,Footwear
ded22dd037d3480f,Plant
ded22dd037d3480f,Sock
ded237602854369a,Chair
ded237602854369a,Furniture
ded237602854369a,House
ded237602854369a,Table
ded23b17a9529928,Land vehicle
ded23b17a9529928,Train
ded23b17a9529928,Tree
ded23b17a9529928,Vehicle
ded248cfe270c782,Human face
ded248cfe270c782,Person
ded2498301109306,Animal
ded2498301109306,Bird
ded2498301109306,Parrot
ded24a8fed189a38,Animal
ded24a8fed189a38,Bird
ded24d9c5c953b5e,Clothing
ded24d9c5c953b5e,Fashion accessory
ded24d9c5c953b5e,Hat
ded24d9c5c953b5e,Man
ded24d9c5c953b5e,Person
ded24d9c5c953b5e,Tree
ded252a189bd3620,Racket
ded252a189bd3620,Tennis racket
ded2593c8bbdba7e,Guitar
ded2593c8bbdba7e,Musical instrument
ded2593c8bbdba7e,Person
ded2611fbaf699ca,Clothing
ded2611fbaf699ca,Girl
ded2611fbaf699ca,Human ear
ded2611fbaf699ca,Human eye
ded2611fbaf699ca,Human face
ded2611fbaf699ca,Human hair
ded2611fbaf699ca,Human head
ded2611fbaf699ca,Human mouth
ded2611fbaf699ca,Human nose
ded2611fbaf699ca,Microphone
ded2611fbaf699ca,Person
ded2611fbaf699ca,Woman
ded262ff4c716efb,Building
ded262ff4c716efb,Skyscraper
ded284486a6701cc,Aircraft
ded284486a6701cc,Helicopter
ded284486a6701cc,Person
ded284486a6701cc,Vehicle
ded28ea2632e3a3c,Clothing
ded28ea2632e3a3c,Glasses
ded28ea2632e3a3c,Goggles
ded28ea2632e3a3c,Human face
ded28ea2632e3a3c,Person
ded28ea2632e3a3c,Sunglasses
ded28ea2632e3a3c,Woman
ded295a53f425c73,Flower
ded295a53f425c73,Houseplant
ded295a53f425c73,Plant
ded2a8eb4a66ced3,Tree
ded2a9c0b9bef665,Clothing
ded2a9c0b9bef665,Man
ded2a9c0b9bef665,Person
ded2ac0b93247509,Building
ded2ac0b93247509,Skyscraper
ded2ac0b93247509,Window
ded2b94cf3b3c8d5,Plant
ded2bae8eb6381e5,Car
ded2bae8eb6381e5,Street light
ded2bae8eb6381e5,Tree
ded2bae8eb6381e5,Vehicle
ded2c5412fccda44,Person
ded2c5412fccda44,Vehicle
ded2c5412fccda44,Window
ded2d14c1ffb84bc,Ball
ded2d14c1ffb84bc,Football
ded2d14c1ffb84bc,Footwear
ded2d14c1ffb84bc,Man
ded2d14c1ffb84bc,Person
ded2d14c1ffb84bc,Sports equipment
ded2d80dbc61308b,Boy
ded2d80dbc61308b,Clothing
ded2d80dbc61308b,Footwear
ded2d80dbc61308b,Person
ded2d80dbc61308b,Woman
ded2d9f3d2e0220d,Man
ded2d9f3d2e0220d,Person
ded2da2d252ba3e3,Clothing
ded2da2d252ba3e3,Girl
ded2da2d252ba3e3,Glasses
ded2da2d252ba3e3,Human face
ded2da2d252ba3e3,Man
ded2da2d252ba3e3,Person
ded2da2d252ba3e3,Shirt
ded2e9a057c33d17,Plant
ded2f1b282264216,Building
ded30a73c87c106f,Auto part
ded30a73c87c106f,Billboard
ded30a73c87c106f,Building
ded30a73c87c106f,Car
ded30a73c87c106f,Land vehicle
ded30a73c87c106f,Tree
ded30a73c87c106f,Vehicle
ded317e8cac3c7b8,Beer
ded317e8cac3c7b8,Bottle
ded317e8cac3c7b8,Drink
ded3299bf8836c98,Clothing
ded3299bf8836c98,Footwear
ded3299bf8836c98,Jeans
ded3299bf8836c98,Man
ded3299bf8836c98,Person
ded3299bf8836c98,Woman
ded33d10c6e7aed7,Bicycle
ded33d10c6e7aed7,Bicycle wheel
ded33d10c6e7aed7,Clothing
ded33d10c6e7aed7,Footwear
ded33d10c6e7aed7,Land vehicle
ded33d10c6e7aed7,Person
ded33d10c6e7aed7,Tire
ded33d10c6e7aed7,Vehicle
ded33d10c6e7aed7,Wheel
ded34bc43a3a6961,Vegetable
ded3510a5eae0583,Auto part
ded3510a5eae0583,Bicycle
ded3510a5eae0583,Bicycle wheel
ded3510a5eae0583,Land vehicle
ded3510a5eae0583,Person
ded3510a5eae0583,Tire
ded3510a5eae0583,Vehicle
ded3510a5eae0583,Wheel
ded35d3dbebc5e9e,Aircraft
ded35d3dbebc5e9e,Airplane
ded35d3dbebc5e9e,Vehicle
ded363bcaa8df807,Auto part
ded363bcaa8df807,Clothing
ded363bcaa8df807,Golf cart
ded363bcaa8df807,Land vehicle
ded363bcaa8df807,Man
ded363bcaa8df807,Person
ded363bcaa8df807,Vehicle
ded363bcaa8df807,Wheel
ded363bcaa8df807,Window
ded396742817dd9b,Boat
ded396742817dd9b,Canoe
ded396742817dd9b,Paddle
ded396742817dd9b,Person
ded396742817dd9b,Sports equipment
ded396742817dd9b,Tree
ded396742817dd9b,Vehicle
ded396742817dd9b,Watercraft
ded3af64ecc7d7a1,Car
ded3af64ecc7d7a1,Clothing
ded3af64ecc7d7a1,Dress
ded3af64ecc7d7a1,Fashion accessory
ded3af64ecc7d7a1,Human face
ded3af64ecc7d7a1,Land vehicle
ded3af64ecc7d7a1,Limousine
ded3af64ecc7d7a1,Man
ded3af64ecc7d7a1,Person
ded3af64ecc7d7a1,Vehicle
ded3af64ecc7d7a1,Woman
ded3b4d18857a1f2,Human face
ded3b4d18857a1f2,Person
ded3c0bd5e92d9c1,Flower
ded3c0bd5e92d9c1,Plant
ded3c12a18604019,Building
ded3c12a18604019,Tree
ded3c941c8a48c32,Boat
ded3c941c8a48c32,Paddle
ded3c941c8a48c32,Person
ded3c941c8a48c32,Personal flotation device
ded3c941c8a48c32,Sports equipment
ded3c941c8a48c32,Vehicle
ded3c941c8a48c32,Watercraft
ded3d6519c2ab6cc,Clothing
ded3d6519c2ab6cc,Glasses
ded3d6519c2ab6cc,Human ear
ded3d6519c2ab6cc,Human eye
ded3d6519c2ab6cc,Human face
ded3d6519c2ab6cc,Human hair
ded3d6519c2ab6cc,Human hand
ded3d6519c2ab6cc,Human head
ded3d6519c2ab6cc,Human mouth
ded3d6519c2ab6cc,Human nose
ded3d6519c2ab6cc,Man
ded3d6519c2ab6cc,Person
ded3d6519c2ab6cc,Suit
ded3d6519c2ab6cc,Tie
ded3d7d615f6f0f3,Clothing
ded3d7d615f6f0f3,Footwear
ded3d7d615f6f0f3,Human face
ded3d7d615f6f0f3,Jeans
ded3d7d615f6f0f3,Man
ded3d7d615f6f0f3,Person
ded3d7d615f6f0f3,Suit
ded3d7d615f6f0f3,Trousers
ded3d7d615f6f0f3,Woman
ded3dc5ffa0924ca,Clothing
ded3dc5ffa0924ca,Human face
ded3dc5ffa0924ca,Man
ded3dc5ffa0924ca,Person
ded3dc5ffa0924ca,Suit
ded3dc5ffa0924ca,Tie
ded3dc5ffa0924ca,Woman
ded3dfc43c2dcb5c,Brassiere
ded3dfc43c2dcb5c,Clothing
ded3dfc43c2dcb5c,Human face
ded3dfc43c2dcb5c,Man
ded3dfc43c2dcb5c,Person
ded3e598859bb1cd,Billboard
ded3e598859bb1cd,Building
ded3e598859bb1cd,Car
ded3e598859bb1cd,Land vehicle
ded3e598859bb1cd,Vehicle
ded3f23ab404ab31,Man
ded3f23ab404ab31,Person
ded3f4a2a74e7716,Boat
ded3f4a2a74e7716,Vehicle
ded3f4a2a74e7716,Watercraft
ded3f580dab69d11,Book
ded3f580dab69d11,Poster
ded40e5b65405629,Clothing
ded40e5b65405629,Person
ded41e63bc897f1f,Boat
ded41e63bc897f1f,Vehicle
ded42ef25168d468,Animal
ded42ef25168d468,Bird
ded432506af1b6ed,Building
ded432506af1b6ed,Christmas tree
ded440e46e946de1,Clothing
ded440e46e946de1,Cocktail
ded440e46e946de1,Drink
ded440e46e946de1,Juice
ded440e46e946de1,Person
ded4419d99fb3f0e,Bottle
ded4419d99fb3f0e,Drink
ded4419d99fb3f0e,Glasses
ded4419d99fb3f0e,Human arm
ded4419d99fb3f0e,Human ear
ded4419d99fb3f0e,Human eye
ded4419d99fb3f0e,Human face
ded4419d99fb3f0e,Human hair
ded4419d99fb3f0e,Human head
ded4419d99fb3f0e,Human mouth
ded4419d99fb3f0e,Human nose
ded4419d99fb3f0e,Man
ded4419d99fb3f0e,Person
ded45d0517f4f85c,Clothing
ded45d0517f4f85c,Human face
ded45d0517f4f85c,Person
ded45d0517f4f85c,Toy
ded461b60f7066d4,Girl
ded461b60f7066d4,Human arm
ded461b60f7066d4,Human body
ded461b60f7066d4,Human ear
ded461b60f7066d4,Human eye
ded461b60f7066d4,Human face
ded461b60f7066d4,Human hair
ded461b60f7066d4,Human hand
ded461b60f7066d4,Human head
ded461b60f7066d4,Human mouth
ded461b60f7066d4,Human nose
ded461b60f7066d4,Person
ded461b60f7066d4,Toy
ded4754b12d2b8d7,Person
ded4796f5089c18a,Clothing
ded4796f5089c18a,Office supplies
ded4796f5089c18a,Person
ded48c93406e04db,Clothing
ded48c93406e04db,Furniture
ded48c93406e04db,Person
ded48c93406e04db,Toy
ded4947d5509ce28,Plant
ded4947d5509ce28,Tree
ded49d0f26f9d255,Clothing
ded49d0f26f9d255,Human face
ded49d0f26f9d255,Person
ded4adf71a2b1fe4,Clothing
ded4adf71a2b1fe4,Footwear
ded4adf71a2b1fe4,Person
ded4adf71a2b1fe4,Snowboard
ded4adf71a2b1fe4,Sports equipment
ded4aff9391fd11c,Telephone
ded4b39381379888,Human face
ded4b39381379888,Person
ded4b503f9865902,Clothing
ded4b503f9865902,Human arm
ded4b503f9865902,Human body
ded4b503f9865902,Human ear
ded4b503f9865902,Human hair
ded4b503f9865902,Human head
ded4b503f9865902,Mammal
ded4b503f9865902,Man
ded4b503f9865902,Person
ded4bc5ceebaf77e,Person
ded4bc5ceebaf77e,Woman
ded4bdb7cdc5c17e,Clothing
ded4bdb7cdc5c17e,Human arm
ded4bdb7cdc5c17e,Human body
ded4bdb7cdc5c17e,Human face
ded4bdb7cdc5c17e,Human hair
ded4bdb7cdc5c17e,Human head
ded4bdb7cdc5c17e,Man
ded4bdb7cdc5c17e,Person
ded4bdb7cdc5c17e,Woman
ded4bdcc2fc7dc08,Footwear
ded4bdcc2fc7dc08,Girl
ded4bdcc2fc7dc08,Man
ded4bdcc2fc7dc08,Person
ded4bdcc2fc7dc08,Sports equipment
ded4d3be0fa6a667,Aircraft
ded4d3be0fa6a667,Airplane
ded4d3be0fa6a667,Vehicle
ded4db40041cca91,Clothing
ded4db40041cca91,Human face
ded4db40041cca91,Man
ded4db40041cca91,Person
ded4e5d567ac61bf,Car
ded4e5d567ac61bf,Land vehicle
ded4e5d567ac61bf,Tire
ded4e5d567ac61bf,Vehicle
ded4e5d567ac61bf,Wheel
ded4e928cdf416c7,Plant
ded4f9d75f323690,Plant
ded4f9d75f323690,Tree
ded4fd5a2834da42,Door
ded5048c982ad060,Tree
ded524d4015e7abf,Clothing
ded524d4015e7abf,Human face
ded524d4015e7abf,Jeans
ded524d4015e7abf,Man
ded524d4015e7abf,Person
ded524d4015e7abf,Woman
ded525b54b25d21c,Plant
ded525b54b25d21c,Tree
ded52b40d33d49e8,Clothing
ded52b40d33d49e8,Dress
ded52b40d33d49e8,Footwear
ded52b40d33d49e8,Girl
ded52b40d33d49e8,Person
ded52b40d33d49e8,Tire
ded52b40d33d49e8,Wheel
ded52b40d33d49e8,Woman
ded539a3c4ce7f58,Home appliance
ded539a3c4ce7f58,Kitchen appliance
ded539d20160e2b1,Clothing
ded539d20160e2b1,Human face
ded539d20160e2b1,Man
ded539d20160e2b1,Person
ded539d20160e2b1,Woman
ded54e2f960540d5,Bottle
ded54e2f960540d5,Drink
ded54e2f960540d5,Girl
ded54e2f960540d5,Person
ded5537e6ea48717,Car
ded5537e6ea48717,Land vehicle
ded5537e6ea48717,Vehicle
ded5537e6ea48717,Wheel
ded5568d38909098,Television
ded5593776f94357,Flower
ded5593776f94357,Plant
ded5653941ca834a,Building
ded5653941ca834a,Skyscraper
ded5653941ca834a,Tower
ded56add99af294c,Tree
ded56d1fc84ff48b,Animal
ded56d1fc84ff48b,Clothing
ded56d1fc84ff48b,Cowboy hat
ded56d1fc84ff48b,Hat
ded56d1fc84ff48b,Horse
ded56d1fc84ff48b,Human face
ded56d1fc84ff48b,Man
ded56d1fc84ff48b,Person
ded57109e02307dc,Building
ded57109e02307dc,House
ded57109e02307dc,Plant
ded57109e02307dc,Porch
ded57109e02307dc,Tree
ded57109e02307dc,Window
ded58bc49badbe0c,Boy
ded58bc49badbe0c,Clothing
ded58bc49badbe0c,Human face
ded58bc49badbe0c,Person
ded5a6ace6a6213e,Toilet
ded5a8e655a01364,Clothing
ded5a8e655a01364,Human arm
ded5a8e655a01364,Human body
ded5a8e655a01364,Human eye
ded5a8e655a01364,Human face
ded5a8e655a01364,Human hair
ded5a8e655a01364,Human hand
ded5a8e655a01364,Human head
ded5a8e655a01364,Human mouth
ded5a8e655a01364,Human nose
ded5a8e655a01364,Person
ded5b06edf324f15,Auto part
ded5b06edf324f15,Land vehicle
ded5b06edf324f15,Vehicle
ded5b06edf324f15,Wheel
ded5d86d44065cb0,Clothing
ded5d86d44065cb0,Footwear
ded5d86d44065cb0,Girl
ded5d86d44065cb0,Person
ded5e3eafffcfd97,Building
ded5e3eafffcfd97,Flower
ded5e3eafffcfd97,Plant
ded5e3eafffcfd97,Window
ded5f4085c10415e,Tree
ded60607f27d08d6,Clothing
ded60607f27d08d6,Dress
ded60607f27d08d6,Girl
ded60607f27d08d6,Human face
ded60607f27d08d6,Person
ded60607f27d08d6,Woman
ded60f2ad23d51a3,Flower
ded60f2ad23d51a3,Plant
ded6109cc98c3db0,Furniture
ded6119273bd1f0a,Plant
ded61192ec381b93,Car
ded61192ec381b93,Vehicle
ded6221316296b66,Person
ded62221c6a7e506,Animal
ded62221c6a7e506,Beetle
ded62221c6a7e506,Insect
ded62221c6a7e506,Invertebrate
ded6237011312fd1,Human face
ded6237011312fd1,Person
ded6237011312fd1,Woman
ded6238d4714d456,House
ded6238d4714d456,Tree
ded62404e1ff6ff6,Clothing
ded62404e1ff6ff6,Human face
ded62404e1ff6ff6,Man
ded62404e1ff6ff6,Person
ded62404e1ff6ff6,Tree
ded62f7eefd95dad,Human face
ded62f7eefd95dad,Person
ded62f7eefd95dad,Woman
ded6435ffd74b6a8,Cucumber
ded6435ffd74b6a8,Food
ded6435ffd74b6a8,Vegetable
ded64d9b555a88d6,Boat
ded64d9b555a88d6,Lighthouse
ded64d9b555a88d6,Vehicle
ded64d9b555a88d6,Watercraft
ded65744e0130e38,Clothing
ded65744e0130e38,Person
ded65744e0130e38,Woman
ded65dbe73663379,Chair
ded65dbe73663379,Clothing
ded65dbe73663379,Dress
ded65dbe73663379,Footwear
ded65dbe73663379,Man
ded65dbe73663379,Person
ded65dbe73663379,Woman
ded66e21bf39ea2b,Clothing
ded66e21bf39ea2b,Man
ded66e21bf39ea2b,Person
ded67f69b366e24b,Auto part
ded67f69b366e24b,Land vehicle
ded67f69b366e24b,Plant
ded67f69b366e24b,Train
ded67f69b366e24b,Vehicle
ded67f69b366e24b,Wheel
ded68577c04119a0,Desk
ded6875812e0edf1,Clothing
ded6875812e0edf1,Man
ded6875812e0edf1,Person
ded6875812e0edf1,Plant
ded6875812e0edf1,Woman
ded6892e75979f0f,Clothing
ded6892e75979f0f,Girl
ded6892e75979f0f,Glasses
ded6892e75979f0f,Human face
ded6892e75979f0f,Man
ded6892e75979f0f,Person
ded6898bc3230c16,Christmas tree
ded690cba82a4a7f,Flower
ded690cba82a4a7f,Rose
ded6a3b8fc80aac1,Person
ded6a49f0d254a98,Car
ded6a49f0d254a98,Vehicle
ded6b010583b9510,Elephant
ded6b010583b9510,Toy
ded6b79dfaaf9660,Clothing
ded6b79dfaaf9660,Human body
ded6b79dfaaf9660,Man
ded6b79dfaaf9660,Person
ded6b79dfaaf9660,Table
ded6c6a85156bc9b,Vehicle
ded6c71c8234b923,Clothing
ded6d5e825479ca7,Clothing
ded6d5e825479ca7,Human face
ded6d5e825479ca7,Man
ded6d5e825479ca7,Person
ded6d5e825479ca7,Woman
ded6db6d44d946b7,Clothing
ded6db6d44d946b7,Fast food
ded6db6d44d946b7,Person
ded6db6d44d946b7,Woman
ded6dd51d4dbebb6,Bagel
ded70645776e61dc,Animal
ded70645776e61dc,Fish
ded70e73956e0f6b,Boy
ded70e73956e0f6b,Clothing
ded70e73956e0f6b,Human face
ded70e73956e0f6b,Man
ded70e73956e0f6b,Person
ded70ed468e64448,Flower
ded70ed468e64448,Food
ded70ed468e64448,Pumpkin
ded71612f8927abb,Clothing
ded71612f8927abb,Dress
ded71612f8927abb,Fashion accessory
ded71612f8927abb,Human face
ded71612f8927abb,Man
ded71612f8927abb,Person
ded71612f8927abb,Suit
ded71612f8927abb,Woman
ded71f919dfe18eb,Clothing
ded71f919dfe18eb,Fast food
ded71f919dfe18eb,Food
ded71f919dfe18eb,Person
ded722ac654938d4,Clothing
ded722ac654938d4,Couch
ded722ac654938d4,Furniture
ded722ac654938d4,Human face
ded722ac654938d4,Man
ded722ac654938d4,Person
ded722ac654938d4,Suit
ded7401b7e81e27e,Animal
ded7401b7e81e27e,Cat
ded7401b7e81e27e,Plant
ded7401b7e81e27e,Tree
ded745c988db0d8e,Book
ded745c988db0d8e,Bookcase
ded745c988db0d8e,Building
ded745c988db0d8e,Convenience store
ded745c988db0d8e,Shelf
ded7505d7677aee0,Human face
ded7505d7677aee0,Man
ded7505d7677aee0,Person
ded75879089f09d5,Clothing
ded75879089f09d5,Human body
ded75879089f09d5,Human ear
ded75879089f09d5,Human eye
ded75879089f09d5,Human face
ded75879089f09d5,Human hair
ded75879089f09d5,Human hand
ded75879089f09d5,Human head
ded75879089f09d5,Human mouth
ded75879089f09d5,Human nose
ded75879089f09d5,Man
ded75879089f09d5,Person
ded75d7a1c8e906e,Car
ded75d7a1c8e906e,Land vehicle
ded75d7a1c8e906e,Vehicle
ded7675799d007c0,Building
ded7675799d007c0,Skyscraper
ded7675799d007c0,Tower
ded76b7dc2b1761d,Flag
ded77f9d32e0054b,Fast food
ded77f9d32e0054b,Food
ded77f9d32e0054b,French fries
ded780c79f952ace,Tree
ded79b94829a638a,Building
ded79b94829a638a,Car
ded79b94829a638a,Land vehicle
ded79b94829a638a,Skyscraper
ded79b94829a638a,Taxi
ded79b94829a638a,Vehicle
ded7b5a995297da5,Clothing
ded7b5a995297da5,Footwear
ded7b5a995297da5,Jeans
ded7b5a995297da5,Man
ded7b5a995297da5,Person
ded7b5a995297da5,Woman
ded7b9f1f6dbe5b9,Building
ded7bbbe5acbab5e,Animal
ded7bbbe5acbab5e,Carnivore
ded7bbbe5acbab5e,Clothing
ded7bbbe5acbab5e,Dog
ded7bbbe5acbab5e,Human body
ded7bbbe5acbab5e,Human ear
ded7bbbe5acbab5e,Human eye
ded7bbbe5acbab5e,Human face
ded7bbbe5acbab5e,Human hair
ded7bbbe5acbab5e,Human head
ded7bbbe5acbab5e,Human mouth
ded7bbbe5acbab5e,Human nose
ded7bbbe5acbab5e,Mammal
ded7bbbe5acbab5e,Person
ded7bbbe5acbab5e,Woman
ded7c10c386ddcf2,Boy
ded7c10c386ddcf2,Clothing
ded7c10c386ddcf2,Glasses
ded7c10c386ddcf2,Goggles
ded7c10c386ddcf2,Human face
ded7c10c386ddcf2,Man
ded7c10c386ddcf2,Person
ded7c10c386ddcf2,Sunglasses
ded7c10c386ddcf2,Tree
ded7c2ba60e2329f,Plant
ded7c2ba60e2329f,Tree
ded7c34b5311ee61,Clothing
ded7c34b5311ee61,Man
ded7c34b5311ee61,Person
ded7c34b5311ee61,Woman
ded7d0680abaf076,Bottle
ded7d0680abaf076,Drink
ded7d0680abaf076,Person
ded7d672eb9eaf73,Car
ded7d672eb9eaf73,Land vehicle
ded7d672eb9eaf73,Vehicle
ded7dc8a5e0c004e,Clothing
ded7dc8a5e0c004e,Dress
ded7dc8a5e0c004e,Musical instrument
ded7dc8a5e0c004e,Person
ded7dc8a5e0c004e,Saxophone
ded7dc8a5e0c004e,Woman
ded7dca4821ed23e,Person
ded7dca4821ed23e,Sculpture
ded7e5fc7b2b1251,Boy
ded7e5fc7b2b1251,Clothing
ded7e5fc7b2b1251,Footwear
ded7e5fc7b2b1251,Human face
ded7e5fc7b2b1251,Jeans
ded7e5fc7b2b1251,Man
ded7e5fc7b2b1251,Person
ded7e5fc7b2b1251,Woman
ded7ef48ce74b688,Microphone
ded7ef48ce74b688,Person
ded7ef48ce74b688,Woman
ded7f6b2806296fe,Clothing
ded7f6b2806296fe,Man
ded7f6b2806296fe,Person
ded7f6b2806296fe,Tree
ded80703fa3982c0,Bicycle
ded80703fa3982c0,Bicycle wheel
ded80703fa3982c0,Land vehicle
ded80703fa3982c0,Man
ded80703fa3982c0,Person
ded80703fa3982c0,Sports equipment
ded80703fa3982c0,Vehicle
ded80703fa3982c0,Wheel
ded80adbeb1e4c2d,Tree
ded81acf4bf766b0,Clothing
ded81acf4bf766b0,Human face
ded81acf4bf766b0,Laptop
ded81acf4bf766b0,Man
ded81acf4bf766b0,Person
ded83ab15153f485,Plant
ded83ab15153f485,Tree
ded83b5ce318f737,Person
ded83b5ce318f737,Plant
ded83b5ce318f737,Sculpture
ded83b5ce318f737,Tree
ded84645f797dccc,Bird
ded84645f797dccc,Boat
ded84645f797dccc,Paddle
ded84645f797dccc,Person
ded84645f797dccc,Vehicle
ded84645f797dccc,Watercraft
ded84d430737033a,Building
ded84d430737033a,Tower
ded859d6682c1276,Plant
ded85eb33ddcb030,Person
ded877dec11f9c57,Clothing
ded877dec11f9c57,Human face
ded877dec11f9c57,Man
ded877dec11f9c57,Person
ded87ed7aa89b13f,Person
ded87ed7aa89b13f,Toy
ded88613feb06552,Boat
ded88613feb06552,Vehicle
ded896dcb649a267,Boy
ded896dcb649a267,Clothing
ded896dcb649a267,Girl
ded896dcb649a267,Person
ded896dcb649a267,Woman
ded89b69c7399ae2,Food
ded89b69c7399ae2,Pear
ded8ad1ff0a10fa8,Fashion accessory
ded8b2ef428f55d6,Clothing
ded8b2ef428f55d6,Fast food
ded8b2ef428f55d6,Food
ded8b2ef428f55d6,Person
ded8b2ef428f55d6,Plant
ded8b2ef428f55d6,Table
ded8b2ef428f55d6,Vegetable
ded8be2c404e2f27,Person
ded8ca635cad6ce1,Boy
ded8ca635cad6ce1,Clothing
ded8ca635cad6ce1,Footwear
ded8ca635cad6ce1,Person
ded8dc245cda2bf4,Food
ded8dd519c6a1cc2,Human face
ded8dd519c6a1cc2,Person
ded8dd519c6a1cc2,Toy
ded9007b73d94536,Plant
ded9007b73d94536,Tree
ded907d80baf11c9,Plant
ded907d80baf11c9,Tree
ded9166ddc5707d7,Person
ded931f99e5978c5,Clothing
ded931f99e5978c5,Fashion accessory
ded931f99e5978c5,Glasses
ded931f99e5978c5,Goggles
ded931f99e5978c5,Human face
ded931f99e5978c5,Man
ded931f99e5978c5,Person
ded931f99e5978c5,Sunglasses
ded931f99e5978c5,Woman
ded931fa1c6bcce6,Auto part
ded931fa1c6bcce6,Car
ded931fa1c6bcce6,Land vehicle
ded931fa1c6bcce6,Tree
ded931fa1c6bcce6,Vehicle
ded931fa1c6bcce6,Vehicle registration plate
ded931fa1c6bcce6,Wheel
ded931fa1c6bcce6,Window
ded9323da8c8b5e0,Plant
ded9323da8c8b5e0,Tree
ded9423ba3ad041c,Clothing
ded9423ba3ad041c,Dress
ded9423ba3ad041c,Fashion accessory
ded9423ba3ad041c,Human face
ded9423ba3ad041c,Person
ded9423ba3ad041c,Woman
ded9468bbb63d7a8,Clothing
ded9468bbb63d7a8,Fashion accessory
ded9468bbb63d7a8,Human face
ded9468bbb63d7a8,Man
ded9468bbb63d7a8,Person
ded94e99ef8b5b28,Clothing
ded94e99ef8b5b28,Footwear
ded94e99ef8b5b28,Girl
ded94e99ef8b5b28,Human face
ded94e99ef8b5b28,Person
ded94e99ef8b5b28,Plant
ded94e99ef8b5b28,Tree
ded95473b69733a9,Building
ded95473b69733a9,Clothing
ded95473b69733a9,Man
ded95473b69733a9,Person
ded957facc42288a,Building
ded957facc42288a,Clothing
ded957facc42288a,Footwear
ded957facc42288a,Furniture
ded957facc42288a,Human face
ded957facc42288a,Person
ded95c202c135133,Clothing
ded95c202c135133,Man
ded95c202c135133,Person
ded95c202c135133,Plant
ded95c202c135133,Woman
ded9678b74783192,Building
ded9678b74783192,Plant
ded9678b74783192,Sculpture
ded9678b74783192,Tree
ded96c4ab2ecfee7,Building
ded96cd88bac35a9,Animal
ded96cd88bac35a9,Carnivore
ded96cd88bac35a9,Cat
ded970a85b033836,Flower
ded970a85b033836,Rose
ded9807d66b417a8,Building
ded98adcad531a0f,Tree
ded99a46af16eeb2,Clothing
ded99a46af16eeb2,Door
ded99a46af16eeb2,Glasses
ded99a46af16eeb2,Human face
ded99a46af16eeb2,Man
ded99a46af16eeb2,Person
ded99a46af16eeb2,Woman
ded99bdd04f4a838,Clothing
ded99bdd04f4a838,Footwear
ded99bdd04f4a838,Human body
ded99bdd04f4a838,Human hair
ded99bdd04f4a838,Human head
ded99bdd04f4a838,Human leg
ded99bdd04f4a838,Mammal
ded99bdd04f4a838,Person
ded99bdd04f4a838,Sculpture
ded99bdd04f4a838,Woman
ded99fcac4caa53c,Building
ded99fcac4caa53c,Tree
ded99fcac4caa53c,Window
ded9a22d374cf942,Mammal
ded9a69809782a5a,Human face
ded9de4786c80f07,Bicycle
ded9de4786c80f07,Bicycle wheel
ded9de4786c80f07,Land vehicle
ded9de4786c80f07,Sports equipment
ded9de4786c80f07,Vehicle
ded9de4786c80f07,Wheel
ded9e340ab316e3c,Coffee
ded9e340ab316e3c,Drink
ded9ec12ddada498,Clothing
ded9ec12ddada498,Drink
ded9ec12ddada498,Human face
ded9ec12ddada498,Person
ded9ec12ddada498,Woman
ded9ecb4f035680a,Clothing
ded9ecb4f035680a,Dress
ded9ecb4f035680a,Person
ded9ecb4f035680a,Woman
ded9efbb8d46ba4d,Clothing
ded9efbb8d46ba4d,Human face
ded9efbb8d46ba4d,Person
ded9efbb8d46ba4d,Woman
ded9f3dde715863b,Flower
ded9f3dde715863b,Flowerpot
ded9f3dde715863b,Houseplant
ded9f3dde715863b,Person
ded9f3dde715863b,Plant
ded9f96e5a8090d7,Animal
ded9f96e5a8090d7,Bee
ded9f96e5a8090d7,Flower
ded9f96e5a8090d7,Insect
ded9f96e5a8090d7,Invertebrate
ded9f96e5a8090d7,Plant
ded9fafc272bf94a,Aircraft
ded9fafc272bf94a,Airplane
ded9fbcdfc0aaabe,Boy
ded9fbcdfc0aaabe,Clothing
ded9fbcdfc0aaabe,Drink
ded9fbcdfc0aaabe,Human arm
ded9fbcdfc0aaabe,Human hair
ded9fbcdfc0aaabe,Human head
ded9fbcdfc0aaabe,Person
ded9fbcdfc0aaabe,Table
deda0e506dedeae7,Tree
deda1386064a5029,Clothing
deda1386064a5029,Fast food
deda1386064a5029,Glasses
deda1386064a5029,Man
deda1386064a5029,Person
deda217f7c9a768d,Wheel
deda30913a1ba909,Clothing
deda30913a1ba909,Girl
deda30913a1ba909,Human face
deda30913a1ba909,Person
deda30913a1ba909,Plant
deda30913a1ba909,Tree
deda5d9fdc4b7248,Clothing
deda5d9fdc4b7248,Man
deda5d9fdc4b7248,Person
deda5d9fdc4b7248,Plant
deda5d9fdc4b7248,Tree
deda62b8c11bb476,Furniture
deda62b8c11bb476,Person
deda62b8c11bb476,Table
deda62e351ad463d,Clothing
deda62e351ad463d,Human face
deda62e351ad463d,Man
deda62e351ad463d,Person
deda6e660ee0184d,Plant
deda6e660ee0184d,Tree
deda7244d25324e9,Flowerpot
deda7244d25324e9,Houseplant
deda7244d25324e9,Laptop
deda7244d25324e9,Plant
deda8f8e68ab4841,Clothing
deda8f8e68ab4841,Man
deda8f8e68ab4841,Mobile phone
deda8f8e68ab4841,Person
deda9e611e486582,Carnivore
deda9e611e486582,Dog
deda9e611e486582,Mammal
dedaa307fc041015,Clothing
dedaa307fc041015,Man
dedaa307fc041015,Person
dedaa307fc041015,Plant
dedaa307fc041015,Tree
dedaa7db2d98b163,Car
dedaa7db2d98b163,Land vehicle
dedaa7db2d98b163,Vehicle
dedaa7db2d98b163,Wheel
dedab8f6e9fa2086,Clothing
dedab8f6e9fa2086,Man
dedab8f6e9fa2086,Person
dedab8f6e9fa2086,Suit
dedae0ea0316a085,Clothing
dedae0ea0316a085,Fashion accessory
dedae0ea0316a085,Glasses
dedae0ea0316a085,Human face
dedae0ea0316a085,Man
dedae0ea0316a085,Person
dedae59e5d8f3fa6,Clothing
dedae59e5d8f3fa6,Footwear
dedae59e5d8f3fa6,Human arm
dedae59e5d8f3fa6,Human body
dedae59e5d8f3fa6,Human face
dedae59e5d8f3fa6,Human hair
dedae59e5d8f3fa6,Human head
dedae59e5d8f3fa6,Human mouth
dedae59e5d8f3fa6,Human nose
dedae59e5d8f3fa6,Man
dedae59e5d8f3fa6,Person
dedae59e5d8f3fa6,Tree
dedae59e5d8f3fa6,Woman
dedaeacaa38e910a,Bench
dedaeacaa38e910a,Clothing
dedaeacaa38e910a,Footwear
dedaeacaa38e910a,Furniture
dedaeacaa38e910a,Man
dedaeacaa38e910a,Person
dedaeacaa38e910a,Table
dedaeef50d151e67,Clothing
dedaeef50d151e67,Girl
dedaeef50d151e67,Human face
dedaeef50d151e67,Man
dedaeef50d151e67,Person
dedaeef50d151e67,Woman
dedaf8198d68e4ba,Chair
dedaf8198d68e4ba,Clothing
dedaf8198d68e4ba,Furniture
dedaf8198d68e4ba,Human arm
dedaf8198d68e4ba,Human hair
dedaf8198d68e4ba,Human hand
dedaf8198d68e4ba,Human head
dedaf8198d68e4ba,Person
dedaf8198d68e4ba,Table
dedaf8198d68e4ba,Tablet computer
dedb0f6fe9bdc07e,Clothing
dedb0f6fe9bdc07e,Man
dedb0f6fe9bdc07e,Person
dedb12bcff2918d0,Clothing
dedb12bcff2918d0,Drink
dedb12bcff2918d0,Human face
dedb12bcff2918d0,Man
dedb12bcff2918d0,Person
dedb12bcff2918d0,Tableware
dedb12bcff2918d0,Wine
dedb12bcff2918d0,Wine glass
dedb12bcff2918d0,Woman
dedb13179dc67e75,Clothing
dedb13179dc67e75,Footwear
dedb13179dc67e75,Man
dedb13179dc67e75,Person
dedb13179dc67e75,Woman
dedb1a59b0775587,Boy
dedb1a59b0775587,Clothing
dedb1a59b0775587,Human face
dedb1a59b0775587,Person
dedb2e80b4f7dbf1,Boat
dedb2e80b4f7dbf1,Vehicle
dedb4dc754672a1b,Toy
dedb5222917e2820,Clothing
dedb5222917e2820,Footwear
dedb5222917e2820,Man
dedb5222917e2820,Person
dedb55f29fc37e6e,Clothing
dedb55f29fc37e6e,Footwear
dedb55f29fc37e6e,Person
dedb665e5aad034e,Boat
dedb665e5aad034e,Vehicle
dedb665e5aad034e,Watercraft
dedb83897c57720b,Human leg
dedb83897c57720b,Person
dedba46d68bf64d0,Flower
dedba46d68bf64d0,Lily
dedba46d68bf64d0,Plant
dedbae6619ea256c,Guitar
dedbae6619ea256c,Microphone
dedbae6619ea256c,Musical instrument
dedbae6619ea256c,Person
dedbaf9dd0fcb1b4,Animal
dedbaf9dd0fcb1b4,Cat
dedbaf9dd0fcb1b4,Toy
dedbb416604f48f4,Land vehicle
dedbb416604f48f4,Train
dedbb416604f48f4,Vehicle
dedbb416604f48f4,Wheel
dedbc44aef590377,Building
dedbc44aef590377,Window
dedbd2f9e7bd0506,Clothing
dedbd2f9e7bd0506,Dress
dedbd2f9e7bd0506,Fashion accessory
dedbd2f9e7bd0506,Human arm
dedbd2f9e7bd0506,Human body
dedbd2f9e7bd0506,Human face
dedbd2f9e7bd0506,Human hair
dedbd2f9e7bd0506,Human hand
dedbd2f9e7bd0506,Human head
dedbd2f9e7bd0506,Human mouth
dedbd2f9e7bd0506,Man
dedbd2f9e7bd0506,Person
dedbd2f9e7bd0506,Vehicle
dedbd2f9e7bd0506,Woman
dedbd6d9687c030b,Person
dedbd708a9829905,Clothing
dedbd708a9829905,Human face
dedbd708a9829905,Man
dedbd708a9829905,Person
dedbd708a9829905,Suit
dedbde3be5285406,Whiteboard
dedbe2aa9ddd5b0f,Tree
dedbe65eae835d63,Tree
dedbf50738256cfb,Clothing
dedbf50738256cfb,Glasses
dedbf50738256cfb,Human face
dedbf50738256cfb,Jacket
dedbf50738256cfb,Man
dedbf50738256cfb,Person
dedbf50738256cfb,Sunglasses
dedbf50738256cfb,Woman
dedc0050b751d99e,Auto part
dedc0050b751d99e,Car
dedc0050b751d99e,Land vehicle
dedc0050b751d99e,Tire
dedc0050b751d99e,Vehicle
dedc0050b751d99e,Vehicle registration plate
dedc0050b751d99e,Wheel
dedc06fb9e04d675,Girl
dedc06fb9e04d675,Human face
dedc06fb9e04d675,Man
dedc06fb9e04d675,Person
dedc1a953ab82e72,Clothing
dedc1a953ab82e72,Person
dedc1a953ab82e72,Suit
dedc1a953ab82e72,Tie
dedc1ea355d76b37,Plant
dedc1ea355d76b37,Tree
dedc1ea355d76b37,Window
dedc250f779d0374,Human foot
dedc250f779d0374,Human leg
dedc468564580663,Building
dedc468564580663,Chair
dedc468564580663,Furniture
dedc468564580663,House
dedc468564580663,Table
dedc4ea19902a297,Car
dedc4ea19902a297,Vehicle
dedc4ea19902a297,Wheel
dedc584f1fa39f61,Tree
dedc5cd6ef0d0ef1,Boy
dedc5cd6ef0d0ef1,Clothing
dedc5cd6ef0d0ef1,Footwear
dedc5cd6ef0d0ef1,Person
dedc5dc56bdd731a,Clothing
dedc5dc56bdd731a,Footwear
dedc5dc56bdd731a,Girl
dedc5dc56bdd731a,Glasses
dedc5dc56bdd731a,Jeans
dedc5dc56bdd731a,Man
dedc5dc56bdd731a,Person
dedc5dc56bdd731a,Trousers
dedc5dc56bdd731a,Woman
dedc6f204e0d6df0,Building
dedc6f204e0d6df0,Plant
dedc6f204e0d6df0,Tree
dedc73fb509a5546,Auto part
dedc73fb509a5546,Car
dedc73fb509a5546,Land vehicle
dedc73fb509a5546,Tire
dedc73fb509a5546,Vehicle
dedc73fb509a5546,Wheel
dedc7c2f41ae4e93,Clothing
dedc7c2f41ae4e93,Person
dedc7c2f41ae4e93,Woman
dedc7dd6ec629297,Building
dedc7dd6ec629297,Land vehicle
dedc7dd6ec629297,Vehicle
dedc7dd6ec629297,Wheel
dedc7fb63894fe5d,Cosmetics
dedc7fb63894fe5d,Fashion accessory
dedc7fb63894fe5d,Human face
dedc7fb63894fe5d,Person
dedc7fb63894fe5d,Woman
dedc81298e4d79a3,Building
dedc81298e4d79a3,Car
dedc81298e4d79a3,Skyscraper
dedc81298e4d79a3,Vehicle
dedc81298e4d79a3,Wheel
dedc8bec2f3ba366,Building
dedc8bec2f3ba366,Car
dedc8bec2f3ba366,House
dedc8bec2f3ba366,Vehicle
dedc8bec2f3ba366,Window
dedc8d31579557fe,Traffic sign
dedc90cd28dd7393,Aircraft
dedc90cd28dd7393,Airplane
dedc94e556cefefe,Drink
dedc94e556cefefe,Fast food
dedc94e556cefefe,Food
dedc94e556cefefe,French fries
dedc94e556cefefe,Snack
dedc99c746f3aedb,Flower
dedcb6ba2a4150f2,Building
dedcb6ba2a4150f2,House
dedcb6ba2a4150f2,Window
dedcb85004f0799f,Clothing
dedcb85004f0799f,Girl
dedcb85004f0799f,Man
dedcb85004f0799f,Person
dedcb85004f0799f,Suit
dedcb85004f0799f,Woman
dedcbe66ec9d3bf6,Car
dedcbe66ec9d3bf6,Land vehicle
dedcbe66ec9d3bf6,Vehicle
dedcbe66ec9d3bf6,Wheel
dedcc0e9f3aba5a8,Building
dedcc0e9f3aba5a8,Door
dedcc0e9f3aba5a8,House
dedcc0e9f3aba5a8,Window
dedcc81239118643,Building
dedcca3a40118075,Auto part
dedcca3a40118075,Bus
dedcca3a40118075,Van
dedcca3a40118075,Vehicle
dedcca3a40118075,Wheel
dedcda2c157bc858,Clothing
dedcda2c157bc858,Human face
dedcda2c157bc858,Man
dedcda2c157bc858,Person
dedcdac7a036de68,Plant
dedcdac7a036de68,Tree
dedcdb591afd668e,Clothing
dedcdb591afd668e,Human face
dedcdb591afd668e,Man
dedcdb591afd668e,Person
dedd07195d6c48e7,Tool
dedd1c10dd01d396,Boy
dedd1c10dd01d396,Clothing
dedd1c10dd01d396,Footwear
dedd1c10dd01d396,Man
dedd1c10dd01d396,Person
dedd1c10dd01d396,Sports equipment
dedd1c10dd01d396,Sports uniform
dedd1d1f040101b4,Car
dedd1d1f040101b4,Land vehicle
dedd1d1f040101b4,Vehicle
dedd1e18170a79a1,Clothing
dedd1e18170a79a1,Human face
dedd1e18170a79a1,Man
dedd1e18170a79a1,Person
dedd1e18170a79a1,Suit
dedd1e18170a79a1,Woman
dedd2818f03ef3f2,Person
dedd2818f03ef3f2,Sculpture
dedd365e84be3fe3,Drum
dedd365e84be3fe3,Guitar
dedd365e84be3fe3,Human body
dedd365e84be3fe3,Musical instrument
dedd365e84be3fe3,Person
dedd37b44b8ae0e3,Land vehicle
dedd37b44b8ae0e3,Tree
dedd3a65906d2d53,Plant
dedd3a65906d2d53,Tree
dedd3f0aaea4efbf,Book
dedd3f0aaea4efbf,Bookcase
dedd3f0aaea4efbf,Shelf
dedd41dd58f007ee,Building
dedd41dd58f007ee,Car
dedd41dd58f007ee,Land vehicle
dedd41dd58f007ee,Plant
dedd41dd58f007ee,Vehicle
dedd41dd58f007ee,Wheel
dedd47b9a9d10681,Plant
dedd47b9a9d10681,Tree
dedd49f340eb0f73,Animal
dedd49f340eb0f73,Horse
dedd49f340eb0f73,Plant
dedd4de0b4b69cdf,Plant
dedd4de0b4b69cdf,Tree
dedd4ee76dccda26,Bathtub
dedd4ee76dccda26,Human hair
dedd4ee76dccda26,Human hand
dedd4ee76dccda26,Human head
dedd4ee76dccda26,Mammal
dedd4ee76dccda26,Person
dedd5169ba2183b5,Bench
dedd5169ba2183b5,Clothing
dedd5169ba2183b5,Footwear
dedd5169ba2183b5,Furniture
dedd5169ba2183b5,Person
dedd5169ba2183b5,Tree
dedd5169ba2183b5,Window
dedd51eefcd8c1b0,Clothing
dedd51eefcd8c1b0,Fashion accessory
dedd51eefcd8c1b0,Girl
dedd51eefcd8c1b0,Man
dedd51eefcd8c1b0,Person
dedd51eefcd8c1b0,Trousers
dedd51eefcd8c1b0,Woman
dedd5df1dca5553c,Aircraft
dedd5df1dca5553c,Airplane
dedd5df1dca5553c,Tree
dedd5df1dca5553c,Vehicle
dedd73f0cce02204,Clothing
dedd73f0cce02204,Man
dedd73f0cce02204,Person
dedd766cfd715031,Clothing
dedd766cfd715031,Man
dedd766cfd715031,Person
dedd766cfd715031,Woman
dedd804fa71c9cce,Clothing
dedd804fa71c9cce,Human body
dedd804fa71c9cce,Human head
dedd804fa71c9cce,Person
dedd8f97629a1a2e,Flower
dedd8f97629a1a2e,Plant
dedd9c92208451a8,Bus
dedd9c92208451a8,Land vehicle
dedd9c92208451a8,Vehicle
dedd9c92208451a8,Wheel
dedda6e0b545f8ce,Clothing
dedda6e0b545f8ce,Footwear
dedda6e0b545f8ce,Jeans
dedda6e0b545f8ce,Man
dedda6e0b545f8ce,Person
dedda76de8e607f1,Clothing
dedda76de8e607f1,Dress
dedda76de8e607f1,Footwear
dedda76de8e607f1,Girl
dedda76de8e607f1,Man
dedda76de8e607f1,Person
dedda76de8e607f1,Plant
dedda76de8e607f1,Tree
deddb459a7b9b2f8,Hiking equipment
deddb459a7b9b2f8,Person
deddbc8353ed9eb7,Land vehicle
deddbc8353ed9eb7,Tank
deddbc8353ed9eb7,Weapon
deddbdc66bcb3486,Tree
deddc88ce66bcd86,Drink
deddc88ce66bcd86,Fast food
deddc88ce66bcd86,Food
deddcfc8a5f9f436,House
dedde7673477959a,Clothing
deddeb70ebb71ed9,Clothing
deddeb70ebb71ed9,Footwear
deddeb70ebb71ed9,Human face
deddeb70ebb71ed9,Man
deddeb70ebb71ed9,Person
deddf095d9e6ef20,Car
deddf095d9e6ef20,House
deddf095d9e6ef20,Land vehicle
deddf095d9e6ef20,Vehicle
dede03fa163f2e1c,Animal
dede03fa163f2e1c,Fish
dede03fa163f2e1c,Goldfish
dede03fa163f2e1c,Plant
dede1f5ed2642872,Clothing
dede1f5ed2642872,Footwear
dede1f5ed2642872,Helmet
dede1f5ed2642872,Human face
dede1f5ed2642872,Man
dede1f5ed2642872,Person
dede1f5ed2642872,Sports equipment
dede1f5ed2642872,Woman
dede2075d6f98135,Man
dede2075d6f98135,Person
dede23dbbeb2fc42,Clothing
dede23dbbeb2fc42,Footwear
dede23dbbeb2fc42,Man
dede23dbbeb2fc42,Person
dede2ac2c2cf6220,Clothing
dede2ac2c2cf6220,Man
dede2ac2c2cf6220,Person
dede2b64ef7803aa,Plant
dede2b64ef7803aa,Tree
dede334b3f9eedea,Building
dede334b3f9eedea,Man
dede334b3f9eedea,Person
dede46520a2c9f06,Building
dede46520a2c9f06,Window
dede46b7d0c7c6fc,Building
dede4cccbb9e0c99,Animal
dede4cccbb9e0c99,Carnivore
dede4cccbb9e0c99,Dog
dede53485960ca68,Clothing
dede53485960ca68,Footwear
dede53485960ca68,Person
dede53485960ca68,Trousers
dede62468cb956ed,Furniture
dede6466c5c123e7,Computer monitor
dede6903497b6ae7,Clothing
dede6903497b6ae7,Fashion accessory
dede6903497b6ae7,Hat
dede6903497b6ae7,Human face
dede6903497b6ae7,Man
dede6903497b6ae7,Person
dede6903497b6ae7,Woman
dede6fe2233dea24,Building
dede6fe2233dea24,House
dede6fe2233dea24,Plant
dede6fe2233dea24,Tree
dede719dd858347b,Plant
dede719dd858347b,Sculpture
dede719dd858347b,Tree
dede788baa3a6265,Dessert
dede788baa3a6265,Fast food
dede788baa3a6265,Food
dede8843657b5fe6,Boy
dede8843657b5fe6,Clothing
dede8843657b5fe6,Human face
dede8843657b5fe6,Jacket
dede8843657b5fe6,Jeans
dede8843657b5fe6,Person
dede8ade4228c543,Clothing
dede8ade4228c543,Girl
dede8ade4228c543,Human face
dede8ade4228c543,Jacket
dede8ade4228c543,Person
dede8ade4228c543,Tree
dede8ade4228c543,Woman
dede998da61af862,Clothing
dede998da61af862,Human face
dede998da61af862,Man
dede998da61af862,Person
dede998da61af862,Woman
dede9a6c573edb63,Clothing
dede9a6c573edb63,Fashion accessory
dede9a6c573edb63,Glasses
dede9a6c573edb63,Hat
dede9a6c573edb63,Human face
dede9a6c573edb63,Man
dede9a6c573edb63,Person
dede9a6c573edb63,Woman
dede9e0c12b682a2,Bathroom accessory
dede9e0c12b682a2,Cabinetry
dede9e0c12b682a2,Coffeemaker
dede9e0c12b682a2,Countertop
dede9e0c12b682a2,Cupboard
dede9e0c12b682a2,Drawer
dede9e0c12b682a2,Home appliance
dede9e0c12b682a2,Kitchen appliance
dede9e0c12b682a2,Plumbing fixture
dede9e0c12b682a2,Shelf
dede9e0c12b682a2,Sink
dede9e0c12b682a2,Tap
dedea7196ea6ce90,Clothing
dedea7196ea6ce90,Glasses
dedea7196ea6ce90,Human face
dedea7196ea6ce90,Man
dedea7196ea6ce90,Person
dedea7196ea6ce90,Suit
dedeab84ecfac6b5,Building
dedeab84ecfac6b5,House
dedeab84ecfac6b5,Tree
dedeac337f6fdefa,Bicycle
dedeac337f6fdefa,Building
dedeac337f6fdefa,Clothing
dedeac337f6fdefa,Footwear
dedeac337f6fdefa,Human hair
dedeac337f6fdefa,Land vehicle
dedeac337f6fdefa,Man
dedeac337f6fdefa,Person
dedeac337f6fdefa,Vehicle
dedeb57de8a7bc0e,Building
dedecf6bdfdd920f,Tripod
dededb316dc2fbe6,Person
dededd5c9730e553,Clothing
dededd5c9730e553,Human arm
dededd5c9730e553,Human body
dededd5c9730e553,Human head
dededd5c9730e553,Human mouth
dededd5c9730e553,Man
dededd5c9730e553,Person
dededd5c9730e553,Woman
dededd61ba62742c,Chair
dededd61ba62742c,Flower
dededd61ba62742c,Flowerpot
dededd61ba62742c,Furniture
dededd61ba62742c,Houseplant
dededd61ba62742c,Plant
dededd61ba62742c,Table
dedeecc224dcea20,Boat
dedeecc224dcea20,Clothing
dedeecc224dcea20,Person
dedeecc224dcea20,Personal flotation device
dedeecc224dcea20,Vehicle
dedeecc224dcea20,Watercraft
dedef145be52db68,Clothing
dedef145be52db68,Human face
dedef145be52db68,Man
dedef145be52db68,Person
dedef145be52db68,Sports uniform
dedef1ee7f7fa526,Balance beam
dedef1ee7f7fa526,Clothing
dedef1ee7f7fa526,Person
dedef72f7c731f30,Fruit
dedef72f7c731f30,Person
dedefccab431e570,Clothing
dedefccab431e570,Fashion accessory
dedefccab431e570,Girl
dedefccab431e570,Human face
dedefccab431e570,Person
dedefccab431e570,Woman
dedf001f3852c88c,Glasses
dedf001f3852c88c,Human face
dedf001f3852c88c,Man
dedf001f3852c88c,Person
dedf001f3852c88c,Plant
dedf00739e735046,Building
dedf00739e735046,House
dedf00739e735046,Plant
dedf00739e735046,Stairs
dedf00739e735046,Tree
dedf11542068f678,Human face
dedf11542068f678,Person
dedf16409b4d0954,Clothing
dedf16409b4d0954,Man
dedf16409b4d0954,Person
dedf16409b4d0954,Suit
dedf16409b4d0954,Woman
dedf18aa320470ec,Clothing
dedf18aa320470ec,Footwear
dedf18aa320470ec,Man
dedf18aa320470ec,Person
dedf18fab8aeb99d,Clothing
dedf18fab8aeb99d,Man
dedf18fab8aeb99d,Person
dedf18fab8aeb99d,Suit
dedf18fab8aeb99d,Woman
dedf232cac0f8886,Animal
dedf232cac0f8886,Reptile
dedf232cac0f8886,Tortoise
dedf232cac0f8886,Turtle
dedf293b56f7a6d1,Flower
dedf293b56f7a6d1,Person
dedf293b56f7a6d1,Plant
dedf293b56f7a6d1,Woman
dedf2ace1c22e60b,Human face
dedf2ace1c22e60b,Person
dedf33b99a787233,Furniture
dedf3a3e351c0f99,Clothing
dedf3a3e351c0f99,Girl
dedf3a3e351c0f99,Human face
dedf3a3e351c0f99,Person
dedf3a3e351c0f99,Plant
dedf3a3e351c0f99,Tree
dedf3f625d3e285c,Animal
dedf3f625d3e285c,Dog
dedf3f625d3e285c,Furniture
dedf3fe8dcafeea0,Building
dedf3fe8dcafeea0,Window
dedf44da3e80dfee,Clothing
dedf44da3e80dfee,Girl
dedf44da3e80dfee,Human arm
dedf44da3e80dfee,Human eye
dedf44da3e80dfee,Human face
dedf44da3e80dfee,Human hair
dedf44da3e80dfee,Human head
dedf44da3e80dfee,Human mouth
dedf44da3e80dfee,Human nose
dedf44da3e80dfee,Mammal
dedf44da3e80dfee,Person
dedf48881b548c6e,Guitar
dedf48881b548c6e,Musical instrument
dedf48881b548c6e,Person
dedf492b87c2a44a,Bicycle
dedf492b87c2a44a,Bicycle helmet
dedf492b87c2a44a,Bicycle wheel
dedf492b87c2a44a,Clothing
dedf492b87c2a44a,Helmet
dedf492b87c2a44a,Person
dedf492b87c2a44a,Plant
dedf492b87c2a44a,Sports equipment
dedf492b87c2a44a,Vehicle
dedf4eed9b7376a9,Clothing
dedf4eed9b7376a9,Person
dedf4f02199b488e,Car
dedf4f02199b488e,Clothing
dedf4f02199b488e,Footwear
dedf4f02199b488e,Girl
dedf4f02199b488e,Land vehicle
dedf4f02199b488e,Person
dedf4f02199b488e,Vehicle
dedf4f02199b488e,Woman
dedf507625299b43,Human arm
dedf507625299b43,Human body
dedf507625299b43,Person
dedf5e50f0603252,Bicycle
dedf5e50f0603252,Bicycle wheel
dedf5e50f0603252,Land vehicle
dedf5e50f0603252,Sports equipment
dedf5e50f0603252,Tire
dedf5e50f0603252,Vehicle
dedf5e50f0603252,Wheel
dedf614d76720c5e,Clothing
dedf614d76720c5e,Glasses
dedf614d76720c5e,Human arm
dedf614d76720c5e,Human body
dedf614d76720c5e,Human eye
dedf614d76720c5e,Human hair
dedf614d76720c5e,Human hand
dedf614d76720c5e,Human head
dedf614d76720c5e,Human leg
dedf614d76720c5e,Jeans
dedf614d76720c5e,Man
dedf614d76720c5e,Person
dedf614d76720c5e,Woman
dedf6b40c42da250,Man
dedf6b40c42da250,Person
dedf86e4fe195e48,Animal
dedf86e4fe195e48,Horse
dedf86e4fe195e48,Land vehicle
dedf86e4fe195e48,Mammal
dedf86e4fe195e48,Person
dedf86e4fe195e48,Tree
dedf86e4fe195e48,Vehicle
dedf91a8a5354742,Land vehicle
dedf91a8a5354742,Train
dedf91a8a5354742,Vehicle
dedf91a8a5354742,Wheel
dedf958cedeb31c0,Person
dedf9bf2e90b8b11,Palm tree
dedf9bf2e90b8b11,Plant
dedf9bf2e90b8b11,Tree
dedf9dc08b7e3bde,Clothing
dedf9dc08b7e3bde,Footwear
dedf9dc08b7e3bde,Human face
dedf9dc08b7e3bde,Man
dedf9dc08b7e3bde,Person
dedf9dc08b7e3bde,Woman
dedfa3f3d05bd17b,Plant
dedfa3f3d05bd17b,Tree
dedfb2b6e474197c,Flower
dedfb2b6e474197c,Plant
dedfb61ed987953a,Clothing
dedfb61ed987953a,Man
dedfb61ed987953a,Person
dedfbf4057e246c9,Building
dedfbf4057e246c9,Tree
dedfc12d4b040a8d,Musical instrument
dedfc12d4b040a8d,Person
dedfc12d4b040a8d,Woman
dedfc397334d9976,Clothing
dedfc397334d9976,Footwear
dedfc397334d9976,Girl
dedfc397334d9976,Human face
dedfc397334d9976,Person
dedfc397334d9976,Woman
dedfd2a03512e709,Aircraft
dedfd2a03512e709,Helicopter
dedfd2a03512e709,Person
dedfd2a03512e709,Vehicle
dedfd6415d1ccae5,Land vehicle
dedfd6415d1ccae5,Person
dedfd6415d1ccae5,Truck
dedfd6415d1ccae5,Vehicle
dedfe7b562d2f631,House
dedfe7b562d2f631,Plant
dedfe7b562d2f631,Tree
dedfe7b562d2f631,Window
dedff36a2d78ddba,Clothing
dedff36a2d78ddba,Girl
dedff36a2d78ddba,Person
dedff36a2d78ddba,Table
dedff36a2d78ddba,Woman
dedffd6cc342d20d,Boat
dedffd6cc342d20d,Canoe
dedffd6cc342d20d,Gondola
dedffd6cc342d20d,Vehicle
dedffd6cc342d20d,Watercraft
dee012463d52068c,Person
dee0273a97370af0,Boy
dee0273a97370af0,Clothing
dee0273a97370af0,Footwear
dee0273a97370af0,Person
dee02a227e8a9875,Human arm
dee02a227e8a9875,Human body
dee02a227e8a9875,Human ear
dee02a227e8a9875,Human face
dee02a227e8a9875,Human hair
dee02a227e8a9875,Human head
dee02a227e8a9875,Mammal
dee02a227e8a9875,Man
dee02a227e8a9875,Person
dee02a6f17ff0c72,Car
dee02a6f17ff0c72,Land vehicle
dee02a6f17ff0c72,Plant
dee02a6f17ff0c72,Tree
dee02a6f17ff0c72,Vehicle
dee04647f001783c,Clothing
dee04647f001783c,Footwear
dee04647f001783c,Human face
dee04647f001783c,Jeans
dee04647f001783c,Man
dee04647f001783c,Person
dee04647f001783c,Woman
dee056f307f1e49c,Food
dee056f307f1e49c,Mixing bowl
dee056f307f1e49c,Platter
dee0696b47e61503,Building
dee0696b47e61503,Tree
dee072f0aec7569b,Animal
dee072f0aec7569b,Bird
dee072f0aec7569b,Duck
dee072f0aec7569b,Goose
dee07e8e490302dc,Couch
dee07e8e490302dc,Furniture
dee07e8e490302dc,Human arm
dee07e8e490302dc,Human eye
dee07e8e490302dc,Human face
dee07e8e490302dc,Human hand
dee07e8e490302dc,Human head
dee07e8e490302dc,Human leg
dee07e8e490302dc,Human mouth
dee07e8e490302dc,Human nose
dee07e8e490302dc,Mammal
dee07e8e490302dc,Man
dee07e8e490302dc,Person
dee07e8e490302dc,Sofa bed
dee07e8e490302dc,Table
dee080af4e8b0af9,Clothing
dee080af4e8b0af9,Fashion accessory
dee080af4e8b0af9,Girl
dee080af4e8b0af9,Human face
dee080af4e8b0af9,Man
dee080af4e8b0af9,Person
dee080af4e8b0af9,Woman
dee081a7a6cba575,Balloon
dee09d062cbec56a,Clothing
dee09d062cbec56a,Human face
dee09d062cbec56a,Man
dee09d062cbec56a,Person
dee0aae6e47f6667,Boat
dee0aae6e47f6667,Vehicle
dee0aae6e47f6667,Watercraft
dee0b66ee07ba4de,Coffee table
dee0b66ee07ba4de,Furniture
dee0b66ee07ba4de,Table
dee0c0439b24e193,Clothing
dee0c0439b24e193,Human face
dee0c0439b24e193,Person
dee0c86772b93add,Animal
dee0c86772b93add,Butterfly
dee0c86772b93add,Insect
dee0c86772b93add,Invertebrate
dee0c86772b93add,Moths and butterflies
dee0c95ea15ac3da,Aircraft
dee0c95ea15ac3da,Helicopter
dee0c95ea15ac3da,Vehicle
dee0cb01ff430817,Building
dee0ce7e82b735ce,Boat
dee0ce7e82b735ce,Clothing
dee0ce7e82b735ce,Gondola
dee0ce7e82b735ce,Person
dee0ce7e82b735ce,Tree
dee0ce7e82b735ce,Vehicle
dee0d2dee38f8ecd,Candle
dee0ddf28aa08659,Clothing
dee0ddf28aa08659,Person
dee0ddf28aa08659,Woman
dee0e3ec1396cb3e,Clothing
dee0e3ec1396cb3e,House
dee0e3ec1396cb3e,Person
dee0e3ec1396cb3e,Plant
dee0ec583fa0a185,Book
dee0ec583fa0a185,Chair
dee0ec583fa0a185,Furniture
dee0ec583fa0a185,Girl
dee0ec583fa0a185,Human face
dee0ec583fa0a185,Person
dee0ec583fa0a185,Table
dee0ec583fa0a185,Woman
dee0eff02b66558e,Clothing
dee0eff02b66558e,Man
dee0eff02b66558e,Person
dee0eff02b66558e,Poster
dee0eff02b66558e,Woman
dee0f70b77b13460,Boy
dee0f70b77b13460,Christmas tree
dee0f70b77b13460,Clothing
dee0f70b77b13460,Human face
dee0f70b77b13460,Person
dee0f70b77b13460,Plant
dee0f70b77b13460,Tree
dee134b3f19add98,Human face
dee134b3f19add98,Man
dee134b3f19add98,Person
dee137f217706609,Clothing
dee137f217706609,Footwear
dee137f217706609,Person
dee137f217706609,Wheel
dee13c6bd3af5f89,Clothing
dee13c6bd3af5f89,Human face
dee13c6bd3af5f89,Man
dee13c6bd3af5f89,Person
dee13e00b5f3cb88,Building
dee14b41e8bccafc,Aircraft
dee14b41e8bccafc,Airplane
dee14b41e8bccafc,Vehicle
dee14c709ce89fd0,Human face
dee14c709ce89fd0,Man
dee14c709ce89fd0,Person
dee15421deb7d626,Clothing
dee15421deb7d626,Human body
dee15421deb7d626,Human face
dee15421deb7d626,Human hair
dee15421deb7d626,Human head
dee15421deb7d626,Human mouth
dee15421deb7d626,Human nose
dee15421deb7d626,Mammal
dee15421deb7d626,Person
dee1558dd3f487f4,Mammal
dee1558dd3f487f4,Toy
dee156a135a2d625,Clothing
dee156a135a2d625,Footwear
dee156a135a2d625,Jeans
dee156a135a2d625,Man
dee156a135a2d625,Person
dee156a135a2d625,Woman
dee157a420231fd5,Clothing
dee157a420231fd5,Glasses
dee157a420231fd5,Human face
dee157a420231fd5,Man
dee157a420231fd5,Person
dee157a420231fd5,Umbrella
dee157a420231fd5,Vehicle
dee157a420231fd5,Woman
dee167feecac1389,Animal
dee167feecac1389,Fish
dee167feecac1389,Plant
dee167feecac1389,Seahorse
dee16fccd5b713a3,Man
dee16fccd5b713a3,Person
dee17fc5fd667320,Clothing
dee17fc5fd667320,Dress
dee17fc5fd667320,Fashion accessory
dee17fc5fd667320,Girl
dee17fc5fd667320,Human face
dee17fc5fd667320,Person
dee17fc5fd667320,Plant
dee17fc5fd667320,Woman
dee1835b88ad27c9,Man
dee1835b88ad27c9,Person
dee19299dedfcd50,Building
dee19299dedfcd50,Vehicle
dee19299dedfcd50,Watercraft
dee1b04be41688f3,Clothing
dee1b04be41688f3,Footwear
dee1b04be41688f3,Girl
dee1b04be41688f3,Man
dee1b04be41688f3,Person
dee1b04be41688f3,Trousers
dee1b04be41688f3,Woman
dee1b58ccd3d2264,Building
dee1b58ccd3d2264,Door
dee1b58ccd3d2264,Flower
dee1b58ccd3d2264,House
dee1b58ccd3d2264,Window
dee1bbb410ed137c,Animal
dee1bbb410ed137c,Frog
dee1bf1dc4089c66,Person
dee1c3fbf68641ef,Bottle
dee1c3fbf68641ef,Drink
dee1c3fbf68641ef,Wine
dee1d04c5c88b6af,Plant
dee1d04c5c88b6af,Tree
dee1d0f70e4302f2,Fast food
dee1d0f70e4302f2,Food
dee1d0f70e4302f2,Taco
dee1d60a1b4d4074,Tree
dee1dc0d97bb746f,Aircraft
dee1dc0d97bb746f,Airplane
dee1dc0d97bb746f,Vehicle
dee1df39a3e07a37,Clothing
dee1df39a3e07a37,Footwear
dee1df39a3e07a37,Person
dee1e0defeef094c,Building
dee1e0defeef094c,Door
dee1e0defeef094c,House
dee1e0defeef094c,Plant
dee1e899d9ff7185,Bat (Animal)
dee1eb943dcde74c,Clothing
dee1eb943dcde74c,Fashion accessory
dee1eb943dcde74c,Girl
dee1eb943dcde74c,Human face
dee1eb943dcde74c,Person
dee1eb943dcde74c,Tree
dee1eb943dcde74c,Woman
dee1ef0a69191275,Clothing
dee1ef0a69191275,Human face
dee1ef0a69191275,Person
dee1f4e0549a3317,Clothing
dee1f4e0549a3317,Footwear
dee1f4e0549a3317,Girl
dee1f4e0549a3317,Human face
dee1f4e0549a3317,Jeans
dee1f4e0549a3317,Person
dee1f4e0549a3317,Woman
dee1f6f167c87fa8,Boy
dee1f6f167c87fa8,Human arm
dee1f6f167c87fa8,Human body
dee1f6f167c87fa8,Human ear
dee1f6f167c87fa8,Human eye
dee1f6f167c87fa8,Human face
dee1f6f167c87fa8,Human hair
dee1f6f167c87fa8,Human hand
dee1f6f167c87fa8,Human head
dee1f6f167c87fa8,Human mouth
dee1f6f167c87fa8,Human nose
dee1f6f167c87fa8,Person
dee1f8c962523d85,Parachute
dee20b5e5f872329,Bathroom accessory
dee20b5e5f872329,Mirror
dee20b5e5f872329,Plumbing fixture
dee20b5e5f872329,Sink
dee20b5e5f872329,Tap
dee20b5e5f872329,Toilet
dee25a5e1abb8a98,Glasses
dee25a5e1abb8a98,Human face
dee25a5e1abb8a98,Man
dee25a5e1abb8a98,Person
dee25c7e07f5ec40,Building
dee26283bc998bad,Clothing
dee26283bc998bad,Person
dee26283bc998bad,Trousers
dee2651d412fae4c,Baked goods
dee2651d412fae4c,Cookie
dee2651d412fae4c,Dessert
dee2651d412fae4c,Fast food
dee2651d412fae4c,Food
dee2651d412fae4c,Muffin
dee2651d412fae4c,Snack
dee2651d412fae4c,Tableware
dee2735e098b9d4d,Person
dee27e0be87a62b4,Footwear
dee2900ab45f2b2a,Tree
dee29c1bac88c7b7,Building
dee29c1bac88c7b7,House
dee29c1bac88c7b7,Plant
dee29c1bac88c7b7,Tree
dee29c1bac88c7b7,Window
dee2aded40f68153,Baked goods
dee2aded40f68153,Cake
dee2aded40f68153,Dessert
dee2aded40f68153,Food
dee2aded40f68153,Pastry
dee2b0cae75eeeeb,Clothing
dee2b0cae75eeeeb,Dress
dee2b0cae75eeeeb,Human face
dee2b0cae75eeeeb,Man
dee2b0cae75eeeeb,Person
dee2b0cae75eeeeb,Woman
dee2b482fbaf5b8c,Animal
dee2b482fbaf5b8c,Car
dee2b482fbaf5b8c,Carnivore
dee2b482fbaf5b8c,Clothing
dee2b482fbaf5b8c,Dog
dee2b482fbaf5b8c,Footwear
dee2b482fbaf5b8c,Land vehicle
dee2b482fbaf5b8c,Person
dee2b482fbaf5b8c,Vehicle
dee2b482fbaf5b8c,Woman
dee2b9745f585db9,Flower
dee2b9745f585db9,Plant
dee2be43551b932a,Clothing
dee2be43551b932a,Couch
dee2be43551b932a,Furniture
dee2be43551b932a,Human face
dee2be43551b932a,Man
dee2be43551b932a,Person
dee2be43551b932a,Pillow
dee2c3b346b0e515,Clothing
dee2c3b346b0e515,Man
dee2c3b346b0e515,Person
dee2c3b346b0e515,Suit
dee2c3b346b0e515,Tie
dee2d8551bcf313b,Building
dee2d8551bcf313b,Tree
dee2dd0452470494,Footwear
dee2dd0452470494,Person
dee2f70ed3ea9757,Clothing
dee2f70ed3ea9757,Dress
dee2f70ed3ea9757,Man
dee2f70ed3ea9757,Person
dee2f70ed3ea9757,Suit
dee2f70ed3ea9757,Trousers
dee2f70f663f362f,Building
dee300a55928e6b6,Clothing
dee300a55928e6b6,Human face
dee300a55928e6b6,Person
dee300a55928e6b6,Suit
dee30daddf3e5df5,Beer
dee30daddf3e5df5,Bottle
dee30daddf3e5df5,Drink
dee310b517af1f16,Fast food
dee310b517af1f16,Food
dee310b517af1f16,Salad
dee310b517af1f16,Vegetable
dee312cda88c8af8,Furniture
dee312cda88c8af8,Glasses
dee312cda88c8af8,Human face
dee312cda88c8af8,Man
dee312cda88c8af8,Person
dee31a14c901a902,Bus
dee31a14c901a902,Human face
dee31a14c901a902,Person
dee31a14c901a902,Woman
dee31d1e98729b68,Plant
dee31d1e98729b68,Tree
dee321ba6619a8dd,Clothing
dee321ba6619a8dd,Footwear
dee321ba6619a8dd,Land vehicle
dee321ba6619a8dd,Man
dee321ba6619a8dd,Person
dee321ba6619a8dd,Shorts
dee321ba6619a8dd,Woman
dee33ccbe719ce2e,Clothing
dee33ccbe719ce2e,Coat
dee33ccbe719ce2e,Footwear
dee33ccbe719ce2e,Man
dee33ccbe719ce2e,Person
dee33ccbe719ce2e,Skateboard
dee33edaf2a7ab6e,Clothing
dee33edaf2a7ab6e,Flower
dee33edaf2a7ab6e,Footwear
dee33edaf2a7ab6e,Person
dee33edaf2a7ab6e,Tree
dee33edaf2a7ab6e,Woman
dee3428d87d3fcc4,Car
dee3428d87d3fcc4,Land vehicle
dee3428d87d3fcc4,Vehicle
dee3459d054df7b2,Building
dee3459d054df7b2,Car
dee3459d054df7b2,Land vehicle
dee3459d054df7b2,Plant
dee3459d054df7b2,Tree
dee3459d054df7b2,Vehicle
dee3459d054df7b2,Wheel
dee34d4f043028ca,Clothing
dee34d4f043028ca,Man
dee34d4f043028ca,Person
dee3576f55001766,Plant
dee3576f55001766,Tree
dee35dca7b4cba51,Animal
dee35dca7b4cba51,Carnivore
dee35dca7b4cba51,Cat
dee35dca7b4cba51,Dog
dee35dca7b4cba51,Person
dee35dddb1f39679,Clothing
dee35dddb1f39679,Man
dee35dddb1f39679,Person
dee35dddb1f39679,Suit
dee35dddb1f39679,Woman
dee3652a7ab0097e,Animal
dee3652a7ab0097e,Bird
dee36df43e4d66b3,Building
dee36df43e4d66b3,House
dee36df43e4d66b3,Tree
dee36df43e4d66b3,Window
dee37c18b43099ef,Book
dee37c18b43099ef,Bookcase
dee37c18b43099ef,Furniture
dee37c18b43099ef,Shelf
dee38d9b3bf39ce0,Baked goods
dee38d9b3bf39ce0,Cake
dee38d9b3bf39ce0,Dairy Product
dee38d9b3bf39ce0,Dessert
dee38d9b3bf39ce0,Food
dee38d9b3bf39ce0,Fruit
dee38d9b3bf39ce0,Strawberry
dee391fe11d84564,Boat
dee391fe11d84564,Person
dee391fe11d84564,Watercraft
dee392cfaab7be94,Clothing
dee392cfaab7be94,Man
dee392cfaab7be94,Person
dee3a9012a7414f0,Drink
dee3a9012a7414f0,Fast food
dee3a9012a7414f0,Food
dee3a9012a7414f0,Human body
dee3b13b498e68c1,Man
dee3b13b498e68c1,Person
dee3b2e9a732e75e,Animal
dee3b2e9a732e75e,Carnivore
dee3b2e9a732e75e,Clothing
dee3b2e9a732e75e,Dog
dee3b2e9a732e75e,Fashion accessory
dee3b2e9a732e75e,Human arm
dee3b2e9a732e75e,Human body
dee3b2e9a732e75e,Human eye
dee3b2e9a732e75e,Human face
dee3b2e9a732e75e,Human head
dee3b2e9a732e75e,Mammal
dee3b2e9a732e75e,Man
dee3b2e9a732e75e,Person
dee3b56344e2f5ce,Car
dee3b56344e2f5ce,Land vehicle
dee3b56344e2f5ce,Plant
dee3b56344e2f5ce,Tree
dee3b56344e2f5ce,Vehicle
dee3b64f1590bf7e,Mobile phone
dee3cefd512c6ec0,Flower
dee3cefd512c6ec0,Rose
dee3eb25621a8078,Auto part
dee3eb25621a8078,Clothing
dee3eb25621a8078,Footwear
dee3eb25621a8078,Land vehicle
dee3eb25621a8078,Person
dee3eb25621a8078,Vehicle
dee3eb25621a8078,Wheel
dee3eb25621a8078,Woman
dee3f539bc1a91ff,Clothing
dee3f539bc1a91ff,Furniture
dee3f539bc1a91ff,Person
dee401a46a674d38,Clothing
dee401a46a674d38,Musical instrument
dee401a46a674d38,Person
dee41b8ee3114d06,Building
dee41b8ee3114d06,Palm tree
dee41b8ee3114d06,Tree
dee422efce66343a,Animal
dee422efce66343a,Bird
dee422efce66343a,Duck
dee44a93cf790afa,Boat
dee44a93cf790afa,Canoe
dee44a93cf790afa,Paddle
dee44a93cf790afa,Person
dee44a93cf790afa,Sports equipment
dee44a93cf790afa,Vehicle
dee44a93cf790afa,Watercraft
dee455f7e505afe6,Clothing
dee455f7e505afe6,Footwear
dee455f7e505afe6,Human body
dee455f7e505afe6,Man
dee455f7e505afe6,Person
dee465d9f1995151,Clothing
dee465d9f1995151,Girl
dee465d9f1995151,Person
dee465d9f1995151,Swimwear
dee465d9f1995151,Woman
dee46c7da474c226,Animal
dee46c7da474c226,Tree
dee46e5d729226aa,Building
dee46e5d729226aa,House
dee46f24c3f1ea78,Clothing
dee46f24c3f1ea78,Human face
dee46f24c3f1ea78,Man
dee46f24c3f1ea78,Person
dee48d61b8a8209e,Auto part
dee48d61b8a8209e,Car
dee48d61b8a8209e,Land vehicle
dee48d61b8a8209e,Parking meter
dee48d61b8a8209e,Vehicle
dee48d61b8a8209e,Wheel
dee498a9068eb196,Building
dee4a3278d50fb37,Clothing
dee4a3278d50fb37,Human face
dee4a3278d50fb37,Microphone
dee4a3278d50fb37,Person
dee4a3278d50fb37,Woman
dee4a5258ecb1dbc,Flower
dee4a84be933250a,Animal
dee4a84be933250a,Bird
dee4a84be933250a,Plant
dee4cdb622de9ece,Clothing
dee4cdb622de9ece,Glasses
dee4cdb622de9ece,Human eye
dee4cdb622de9ece,Human face
dee4cdb622de9ece,Human hair
dee4cdb622de9ece,Human head
dee4cdb622de9ece,Human mouth
dee4cdb622de9ece,Human nose
dee4cdb622de9ece,Person
dee4d238278b74a3,Clothing
dee4d238278b74a3,Human face
dee4d238278b74a3,Person
dee4d238278b74a3,Woman
dee4d5404e033cc7,Animal
dee4d5404e033cc7,Carnivore
dee4d5404e033cc7,Cat
dee4edff926fa2c1,Candle
dee4edff926fa2c1,Clothing
dee4edff926fa2c1,Human face
dee4edff926fa2c1,Person
dee4edff926fa2c1,Woman
dee4ee151170dcb8,Window
dee509d6fe4f9e4e,Clothing
dee509d6fe4f9e4e,Footwear
dee509d6fe4f9e4e,Girl
dee509d6fe4f9e4e,Human face
dee509d6fe4f9e4e,Person
dee509d6fe4f9e4e,Plant
dee50a98bacd9a19,Clothing
dee512db0e6f3357,Clothing
dee512db0e6f3357,Glasses
dee512db0e6f3357,Human face
dee512db0e6f3357,Jacket
dee512db0e6f3357,Man
dee512db0e6f3357,Person
dee52eff5069bab8,Clothing
dee52eff5069bab8,Human arm
dee52eff5069bab8,Human face
dee52eff5069bab8,Human hair
dee52eff5069bab8,Human head
dee52eff5069bab8,Human nose
dee52eff5069bab8,Person
dee52eff5069bab8,Woman
dee535d5d8f52daa,Food
dee53a046937bece,Clothing
dee53a046937bece,Man
dee53a046937bece,Person
dee53a046937bece,Sports uniform
dee54a76c8556b99,Animal
dee54a76c8556b99,Horse
dee54a76c8556b99,Human face
dee54a76c8556b99,Person
dee565dcb939f937,Clothing
dee565dcb939f937,Flower
dee565dcb939f937,Houseplant
dee565dcb939f937,Man
dee565dcb939f937,Person
dee565dcb939f937,Plant
dee565dcb939f937,Table
dee565dcb939f937,Woman
dee56f0e2f922ada,Clothing
dee56f0e2f922ada,Human face
dee56f0e2f922ada,Man
dee56f0e2f922ada,Person
dee56f0e2f922ada,Suit
dee56f0e2f922ada,Woman
dee5aaf86c5af041,Clothing
dee5aaf86c5af041,Dress
dee5aaf86c5af041,Person
dee5aaf86c5af041,Woman
dee5ac5f5d340cd5,Vehicle
dee5b1c1ba1cbf4c,Auto part
dee5b1c1ba1cbf4c,Land vehicle
dee5b1c1ba1cbf4c,Train
dee5b1c1ba1cbf4c,Tree
dee5b1c1ba1cbf4c,Vehicle
dee5b1c1ba1cbf4c,Wheel
dee5b5f41a641ef6,Food
dee5ba7b78512568,Clothing
dee5ba7b78512568,Footwear
dee5ba7b78512568,Man
dee5ba7b78512568,Person
dee5ba7b78512568,Table
dee5ba7b78512568,Woman
dee5d294c18b64f3,Ceiling fan
dee5d294c18b64f3,Clothing
dee5d294c18b64f3,Footwear
dee5d294c18b64f3,Furniture
dee5d294c18b64f3,Home appliance
dee5d294c18b64f3,House
dee5d294c18b64f3,Mechanical fan
dee5d294c18b64f3,Person
dee5d294c18b64f3,Table
dee637f89f3cfa08,Apple
dee637f89f3cfa08,Food
dee637f89f3cfa08,Fruit
dee637f89f3cfa08,Grapefruit
dee637f89f3cfa08,Lemon
dee637f89f3cfa08,Orange
dee6465a4b956eb5,Clothing
dee6465a4b956eb5,Fashion accessory
dee6465a4b956eb5,Human face
dee6465a4b956eb5,Man
dee6465a4b956eb5,Person
dee6465a4b956eb5,Shirt
dee6465a4b956eb5,Tree
dee6465a4b956eb5,Woman
dee646ef9efea950,Clothing
dee646ef9efea950,Human arm
dee646ef9efea950,Human beard
dee646ef9efea950,Human eye
dee646ef9efea950,Human face
dee646ef9efea950,Human hair
dee646ef9efea950,Human hand
dee646ef9efea950,Human head
dee646ef9efea950,Human mouth
dee646ef9efea950,Human nose
dee646ef9efea950,Mammal
dee646ef9efea950,Man
dee646ef9efea950,Person
dee646ef9efea950,Shirt
dee64f78bc006f66,Plant
dee64fcc498c3a49,Clothing
dee64fcc498c3a49,Person
dee64fcc498c3a49,Toy
dee67ee2080b8b47,Door
dee68fc0dc51eb4d,Clothing
dee68fc0dc51eb4d,Human face
dee68fc0dc51eb4d,Man
dee68fc0dc51eb4d,Person
dee69d39d9928256,Tree
dee6a8c8c009d9c1,Animal
dee6a8c8c009d9c1,Reptile
dee6a8c8c009d9c1,Tortoise
dee6a8c8c009d9c1,Turtle
dee6ae12e4b6584e,Building
dee6ae12e4b6584e,Plant
dee6ae12e4b6584e,Tree
dee6b755a05b919c,Flower
dee6b755a05b919c,Plant
dee6b755a05b919c,Tree
dee6ba87ce923dd8,Boat
dee6ba87ce923dd8,Tree
dee6ba87ce923dd8,Vehicle
dee6ba87ce923dd8,Watercraft
dee6c47cf8c35872,Human head
dee6c8ebb75611d2,Clothing
dee6c8ebb75611d2,Human face
dee6c8ebb75611d2,Man
dee6c8ebb75611d2,Person
dee6c8ebb75611d2,Woman
dee6dbeb2d31a828,Camera
dee6f0a2efeb350c,Girl
dee6f0a2efeb350c,Human face
dee6f0a2efeb350c,Man
dee6f0a2efeb350c,Person
dee6f0a2efeb350c,Woman
dee6f83bb9e8c328,Clothing
dee6f83bb9e8c328,Dress
dee6f83bb9e8c328,Girl
dee6f83bb9e8c328,Person
dee6f83bb9e8c328,Woman
dee6ff2600551768,Tree
dee70b5669738706,Person
dee719eab456cb42,Clothing
dee719eab456cb42,Footwear
dee719eab456cb42,Human arm
dee719eab456cb42,Human body
dee719eab456cb42,Human hand
dee719eab456cb42,Person
dee719eab456cb42,Roller skates
dee719eab456cb42,Woman
dee7207efef941b8,Fireplace
dee7207efef941b8,Food
dee7243da6793235,Clothing
dee7243da6793235,Dress
dee7243da6793235,Footwear
dee7243da6793235,Person
dee7243da6793235,Woman
dee73b184aa854c8,Building
dee75e0256165de6,Clothing
dee75e0256165de6,Coat
dee75e0256165de6,Food
dee75e0256165de6,Human face
dee75e0256165de6,Jacket
dee75e0256165de6,Man
dee75e0256165de6,Person
dee75e0256165de6,Woman
dee78ce799a4abcd,Boy
dee78ce799a4abcd,Clothing
dee78ce799a4abcd,Human face
dee78ce799a4abcd,Person
dee7a44da86491ec,Bicycle
dee7a44da86491ec,Bicycle wheel
dee7a44da86491ec,Clothing
dee7a44da86491ec,Footwear
dee7a44da86491ec,Furniture
dee7a44da86491ec,Land vehicle
dee7a44da86491ec,Man
dee7a44da86491ec,Person
dee7a44da86491ec,Tire
dee7a44da86491ec,Vehicle
dee7a44da86491ec,Wheel
dee7a44da86491ec,Wheelchair
dee7c312b3af6150,Tree
dee7d707c471269a,Aircraft
dee7d707c471269a,Helicopter
dee7e91046a02602,Land vehicle
dee7e91046a02602,Vehicle
dee7e91046a02602,Wheel
dee7eabb5f1df4d7,Building
dee7eabb5f1df4d7,Tree
dee808d2729efcfa,Plant
dee808d2729efcfa,Tree
dee80d04b535499a,Building
dee80e020fddaae4,Skyscraper
dee80e020fddaae4,Tower
dee8130e895e6f0e,Clothing
dee8130e895e6f0e,Human face
dee8130e895e6f0e,Man
dee8130e895e6f0e,Person
dee8130e895e6f0e,Woman
dee8222da0d44f89,Clothing
dee8222da0d44f89,Glasses
dee8222da0d44f89,Human face
dee8222da0d44f89,Person
dee8222da0d44f89,Suit
dee8222da0d44f89,Woman
dee82a9d5b4b11e2,Clothing
dee82a9d5b4b11e2,House
dee82a9d5b4b11e2,Man
dee82a9d5b4b11e2,Person
dee82a9d5b4b11e2,Tree
dee82a9d5b4b11e2,Vehicle
dee82a9d5b4b11e2,Woman
dee832f5d3f264e4,Boy
dee832f5d3f264e4,Clothing
dee832f5d3f264e4,Girl
dee832f5d3f264e4,Human face
dee832f5d3f264e4,Person
dee833f521fd89bc,Camera
dee833f521fd89bc,Clothing
dee833f521fd89bc,Flag
dee842bd3be6c520,Tree
dee85f1644b1b01e,Clothing
dee85f1644b1b01e,Person
dee85f1644b1b01e,Woman
dee86a8d7c6e5685,Clothing
dee86a8d7c6e5685,Human face
dee86a8d7c6e5685,Person
dee86a8d7c6e5685,Woman
dee87d1f2ffee1ea,Tree
dee88b8b6974ea3c,Animal
dee88b8b6974ea3c,Frog
dee88c8f14a9696f,Building
dee88c8f14a9696f,Plant
dee88c8f14a9696f,Street light
dee88c8f14a9696f,Tower
dee88c8f14a9696f,Tree
dee88ea797333488,Clothing
dee88ea797333488,Fashion accessory
dee88ea797333488,Hat
dee88ea797333488,Musical instrument
dee88ea797333488,Person
dee88ea797333488,Trumpet
dee8aff5c281ac55,Flower
dee8aff5c281ac55,Flowerpot
dee8aff5c281ac55,Plant
dee8b054910d60c8,Clothing
dee8b054910d60c8,Footwear
dee8b054910d60c8,Man
dee8b054910d60c8,Person
dee8b054910d60c8,Suit
dee8b64dc1121708,Clothing
dee8b64dc1121708,Human face
dee8b64dc1121708,Person
dee8b64dc1121708,Woman
dee8ca1e18a26574,Skull
dee8d3702bb7062e,Plant
dee8d3702bb7062e,Tree
dee8da851f1bfdbd,Building
dee8da851f1bfdbd,Car
dee8da851f1bfdbd,House
dee8da851f1bfdbd,Land vehicle
dee8da851f1bfdbd,Plant
dee8da851f1bfdbd,Tree
dee8da851f1bfdbd,Vehicle
dee8da851f1bfdbd,Vehicle registration plate
dee8da851f1bfdbd,Wheel
dee8e02176b6b85e,Person
dee8ed940160388c,Clothing
dee8ed940160388c,Human body
dee8ed940160388c,Human face
dee8ed940160388c,Human hair
dee8ed940160388c,Human head
dee8ed940160388c,Human nose
dee8ed940160388c,Man
dee8ed940160388c,Person
dee8f07ecf29b968,Clothing
dee8f07ecf29b968,Human face
dee8f07ecf29b968,Person
dee8f07ecf29b968,Toy
dee8fc86dfbac7e6,Clothing
dee8fc86dfbac7e6,Man
dee8fc86dfbac7e6,Person
dee8fc86dfbac7e6,Woman
dee917b062825186,Aircraft
dee917b062825186,Airplane
dee917b062825186,Vehicle
dee9190aa9c89cd4,Flower
dee9190aa9c89cd4,Plant
dee91f7ecb984f5b,Girl
dee91f7ecb984f5b,Person
dee91f7ecb984f5b,Toy
dee924bea83e036c,Auto part
dee924bea83e036c,Land vehicle
dee924bea83e036c,Tire
dee924bea83e036c,Vehicle
dee924bea83e036c,Wheel
dee946ffeb34053d,Clothing
dee946ffeb34053d,Man
dee946ffeb34053d,Person
dee946ffeb34053d,Woman
dee952ea950b44ea,Building
dee952ea950b44ea,House
dee952ea950b44ea,Tree
dee9596c7f70ef74,Clothing
dee9596c7f70ef74,Man
dee9596c7f70ef74,Person
dee95ad017b9e062,Tree
dee95bc9146cc61a,Animal
dee95bc9146cc61a,Reptile
dee95bc9146cc61a,Snake
dee960b9d713dcec,Mushroom
dee960b9d713dcec,Plant
dee971e782fa8685,Man
dee971e782fa8685,Person
dee9766b086b9d38,Boat
dee9766b086b9d38,Person
dee9766b086b9d38,Vehicle
dee9766b086b9d38,Watercraft
dee984de34238a66,Tree
dee98ffe66403b0d,Footwear
dee98ffe66403b0d,Tool
dee9915ebc72fb68,Baked goods
dee9915ebc72fb68,Bread
dee9915ebc72fb68,Food
dee999dc33310b5f,Cocktail
dee999dc33310b5f,Drink
dee999dc33310b5f,Food
dee999dc33310b5f,Lemon
dee999dc33310b5f,Vase
dee99aaf994d8c76,Clothing
dee99aaf994d8c76,Human face
dee99aaf994d8c76,Man
dee99aaf994d8c76,Person
dee99c5042d3b1dd,Clothing
dee99c5042d3b1dd,Jeans
dee99c5042d3b1dd,Laptop
dee99c5042d3b1dd,Man
dee99c5042d3b1dd,Person
dee99eab3db33543,Building
dee99eab3db33543,Furniture
dee99eab3db33543,Kitchen & dining room table
dee99eab3db33543,Table
dee9a30ea4a7f7ca,Animal
dee9a30ea4a7f7ca,Bird
dee9a70adca66978,House
dee9a70adca66978,Tree
dee9aa338f3e77af,Clothing
dee9aa338f3e77af,Human face
dee9aa338f3e77af,Man
dee9aa338f3e77af,Person
dee9aa338f3e77af,Woman
dee9b02dd36e82c8,Human eye
dee9b02dd36e82c8,Human hair
dee9b02dd36e82c8,Human head
dee9b02dd36e82c8,Human mouth
dee9b02dd36e82c8,Human nose
dee9b02dd36e82c8,Person
dee9b6b5ef5d8cf5,Animal
dee9b6b5ef5d8cf5,Bird
dee9b6b5ef5d8cf5,Owl
dee9be06eac02d35,Flower
dee9be06eac02d35,Plant
dee9c5776d91f23d,Clothing
dee9c5776d91f23d,Dress
dee9c5776d91f23d,Girl
dee9c5776d91f23d,Human face
dee9c5776d91f23d,Man
dee9c5776d91f23d,Person
dee9c5776d91f23d,Woman
dee9c7ab7fc0b481,Auto part
dee9c7ab7fc0b481,Car
dee9c7ab7fc0b481,Clothing
dee9c7ab7fc0b481,Land vehicle
dee9c7ab7fc0b481,Man
dee9c7ab7fc0b481,Motorcycle
dee9c7ab7fc0b481,Person
dee9c7ab7fc0b481,Plant
dee9c7ab7fc0b481,Tire
dee9c7ab7fc0b481,Tree
dee9c7ab7fc0b481,Vehicle
dee9c7ab7fc0b481,Wheel
dee9ca9aa2c43176,Bicycle
dee9ca9aa2c43176,Bicycle wheel
dee9ca9aa2c43176,Clothing
dee9ca9aa2c43176,Land vehicle
dee9ca9aa2c43176,Man
dee9ca9aa2c43176,Person
dee9ca9aa2c43176,Vehicle
dee9cfbcc77cc06f,Building
dee9cfbcc77cc06f,Office building
dee9cfbcc77cc06f,Person
dee9cfbcc77cc06f,Table
dee9cfbcc77cc06f,Whiteboard
dee9d198972781f8,Flag
dee9d198972781f8,Plant
dee9d198972781f8,Tree
dee9f3b539c95de6,Ball
dee9f3b539c95de6,Football
dee9f3b539c95de6,Person
dee9f3b539c95de6,Sports equipment
dee9f80258db00d1,Tree
dee9f905a535deea,Food
dee9f905a535deea,Fruit
dee9faf365c64aa1,Boat
dee9faf365c64aa1,Vehicle
dee9faf365c64aa1,Watercraft
