url,height,width,coco_id,img_id,flickr_id
https://cs.stanford.edu/people/rak248/VG_100K_2/1.jpg,600,800,,1,
https://cs.stanford.edu/people/rak248/VG_100K/2.jpg,600,800,,2,
https://cs.stanford.edu/people/rak248/VG_100K/3.jpg,480,640,,3,
https://cs.stanford.edu/people/rak248/VG_100K/4.jpg,480,640,,4,
https://cs.stanford.edu/people/rak248/VG_100K/5.jpg,600,800,,5,
https://cs.stanford.edu/people/rak248/VG_100K/6.jpg,600,800,,6,
https://cs.stanford.edu/people/rak248/VG_100K/7.jpg,600,800,,7,
https://cs.stanford.edu/people/rak248/VG_100K/8.jpg,600,800,,8,
https://cs.stanford.edu/people/rak248/VG_100K/9.jpg,480,640,,9,
https://cs.stanford.edu/people/rak248/VG_100K/10.jpg,600,800,,10,
https://cs.stanford.edu/people/rak248/VG_100K/11.jpg,600,800,,11,
https://cs.stanford.edu/people/rak248/VG_100K/12.jpg,600,800,,12,
https://cs.stanford.edu/people/rak248/VG_100K/13.jpg,600,800,,13,
https://cs.stanford.edu/people/rak248/VG_100K/14.jpg,600,800,,14,
https://cs.stanford.edu/people/rak248/VG_100K/15.jpg,600,800,,15,
https://cs.stanford.edu/people/rak248/VG_100K/16.jpg,600,800,,16,
https://cs.stanford.edu/people/rak248/VG_100K/17.jpg,640,800,,17,
https://cs.stanford.edu/people/rak248/VG_100K/18.jpg,600,800,,18,
https://cs.stanford.edu/people/rak248/VG_100K/19.jpg,600,800,,19,
https://cs.stanford.edu/people/rak248/VG_100K/20.jpg,600,800,,20,
https://cs.stanford.edu/people/rak248/VG_100K/21.jpg,256,256,,21,
https://cs.stanford.edu/people/rak248/VG_100K/22.jpg,600,800,,22,
https://cs.stanford.edu/people/rak248/VG_100K/23.jpg,600,800,,23,
https://cs.stanford.edu/people/rak248/VG_100K/24.jpg,600,800,,24,
https://cs.stanford.edu/people/rak248/VG_100K/25.jpg,600,800,,25,
https://cs.stanford.edu/people/rak248/VG_100K/26.jpg,600,800,,26,
https://cs.stanford.edu/people/rak248/VG_100K/27.jpg,600,800,,27,
https://cs.stanford.edu/people/rak248/VG_100K/28.jpg,600,800,,28,
https://cs.stanford.edu/people/rak248/VG_100K/29.jpg,600,800,,29,
https://cs.stanford.edu/people/rak248/VG_100K/30.jpg,600,800,,30,
https://cs.stanford.edu/people/rak248/VG_100K/31.jpg,600,800,,31,
https://cs.stanford.edu/people/rak248/VG_100K/32.jpg,600,800,,32,
https://cs.stanford.edu/people/rak248/VG_100K/33.jpg,600,800,,33,
https://cs.stanford.edu/people/rak248/VG_100K/34.jpg,600,800,,34,
https://cs.stanford.edu/people/rak248/VG_100K/35.jpg,600,800,,35,
https://cs.stanford.edu/people/rak248/VG_100K/36.jpg,600,800,,36,
https://cs.stanford.edu/people/rak248/VG_100K/37.jpg,600,800,,37,
https://cs.stanford.edu/people/rak248/VG_100K/38.jpg,800,782,,38,
https://cs.stanford.edu/people/rak248/VG_100K/39.jpg,534,800,,39,
https://cs.stanford.edu/people/rak248/VG_100K/40.jpg,800,560,,40,
https://cs.stanford.edu/people/rak248/VG_100K/41.jpg,600,800,,41,
https://cs.stanford.edu/people/rak248/VG_100K/42.jpg,600,800,,42,
https://cs.stanford.edu/people/rak248/VG_100K/43.jpg,600,800,,43,
https://cs.stanford.edu/people/rak248/VG_100K/44.jpg,600,800,,44,
https://cs.stanford.edu/people/rak248/VG_100K/45.jpg,600,800,,45,
https://cs.stanford.edu/people/rak248/VG_100K/46.jpg,600,800,,46,
https://cs.stanford.edu/people/rak248/VG_100K/47.jpg,600,800,,47,
https://cs.stanford.edu/people/rak248/VG_100K/48.jpg,600,800,,48,
https://cs.stanford.edu/people/rak248/VG_100K/49.jpg,800,600,,49,
https://cs.stanford.edu/people/rak248/VG_100K/50.jpg,600,800,,50,
https://cs.stanford.edu/people/rak248/VG_100K/209.jpg,800,600,,209,
https://cs.stanford.edu/people/rak248/VG_100K/231.jpg,600,800,,231,
https://cs.stanford.edu/people/rak248/VG_100K/247.jpg,247,384,,247,
https://cs.stanford.edu/people/rak248/VG_100K/1988.jpg,600,800,,1988,
https://cs.stanford.edu/people/rak248/VG_100K/1990.jpg,600,800,,1990,
https://cs.stanford.edu/people/rak248/VG_100K/2194.jpg,669,800,,2194,
https://cs.stanford.edu/people/rak248/VG_100K/2579.jpg,600,800,,2579,
https://cs.stanford.edu/people/rak248/VG_100K/61512.jpg,680,1024,248774.0,61512,6273011878.0
https://cs.stanford.edu/people/rak248/VG_100K/61513.jpg,768,1024,567396.0,61513,8582481326.0
https://cs.stanford.edu/people/rak248/VG_100K/61514.jpg,768,1024,165203.0,61514,3472426520.0
https://cs.stanford.edu/people/rak248/VG_100K/61515.jpg,1024,704,,61515,5773112490.0
https://cs.stanford.edu/people/rak248/VG_100K/61517.jpg,683,1024,1682.0,61517,9515748684.0
https://cs.stanford.edu/people/rak248/VG_100K/61518.jpg,768,1024,564920.0,61518,7401056888.0
https://cs.stanford.edu/people/rak248/VG_100K/61519.jpg,851,1280,47458.0,61519,2538004422.0
https://cs.stanford.edu/people/rak248/VG_100K/61520.jpg,1024,683,439801.0,61520,8740679666.0
https://cs.stanford.edu/people/rak248/VG_100K/61521.jpg,680,1024,,61521,3317034612.0
https://cs.stanford.edu/people/rak248/VG_100K/61522.jpg,1024,910,544018.0,61522,5084757160.0
https://cs.stanford.edu/people/rak248/VG_100K/61523.jpg,670,1024,,61523,5547013860.0
https://cs.stanford.edu/people/rak248/VG_100K/61524.jpg,600,900,387606.0,61524,9414210295.0
https://cs.stanford.edu/people/rak248/VG_100K/61525.jpg,683,1024,322472.0,61525,2219749782.0
https://cs.stanford.edu/people/rak248/VG_100K/61528.jpg,679,1024,92109.0,61528,4631133759.0
https://cs.stanford.edu/people/rak248/VG_100K/61529.jpg,1200,800,110776.0,61529,145671186.0
https://cs.stanford.edu/people/rak248/VG_100K/61531.jpg,1024,683,83147.0,61531,7713268430.0
https://cs.stanford.edu/people/rak248/VG_100K/61533.jpg,712,1024,99170.0,61533,4017611370.0
https://cs.stanford.edu/people/rak248/VG_100K/61534.jpg,563,1024,460059.0,61534,2167336332.0
https://cs.stanford.edu/people/rak248/VG_100K/61537.jpg,768,1024,326071.0,61537,2908855474.0
https://cs.stanford.edu/people/rak248/VG_100K/61539.jpg,680,1024,307794.0,61539,2514972500.0
https://cs.stanford.edu/people/rak248/VG_100K/61540.jpg,733,1024,529383.0,61540,538693661.0
https://cs.stanford.edu/people/rak248/VG_100K/61541.jpg,681,1024,10478.0,61541,6705389705.0
https://cs.stanford.edu/people/rak248/VG_100K/61544.jpg,768,1024,371628.0,61544,4527941910.0
https://cs.stanford.edu/people/rak248/VG_100K/61546.jpg,600,800,,61546,93585575.0
https://cs.stanford.edu/people/rak248/VG_100K/61547.jpg,576,1024,,61547,803002775.0
https://cs.stanford.edu/people/rak248/VG_100K/61548.jpg,531,800,232309.0,61548,96962166.0
https://cs.stanford.edu/people/rak248/VG_100K/61549.jpg,1024,768,,61549,4930736762.0
https://cs.stanford.edu/people/rak248/VG_100K/61550.jpg,678,850,283382.0,61550,8000362110.0
https://cs.stanford.edu/people/rak248/VG_100K/61551.jpg,768,1024,,61551,7344315440.0
https://cs.stanford.edu/people/rak248/VG_100K/61552.jpg,667,1000,317934.0,61552,6800090271.0
https://cs.stanford.edu/people/rak248/VG_100K/61553.jpg,556,1024,,61553,7659880822.0
https://cs.stanford.edu/people/rak248/VG_100K/61554.jpg,768,903,114946.0,61554,8386698122.0
https://cs.stanford.edu/people/rak248/VG_100K/61555.jpg,768,1024,326574.0,61555,5141397019.0
https://cs.stanford.edu/people/rak248/VG_100K/61557.jpg,683,1024,342614.0,61557,2446861169.0
https://cs.stanford.edu/people/rak248/VG_100K/61558.jpg,612,1024,569827.0,61558,6433881417.0
https://cs.stanford.edu/people/rak248/VG_100K/61562.jpg,612,1024,26942.0,61562,6066118824.0
https://cs.stanford.edu/people/rak248/VG_100K/61563.jpg,652,1024,272807.0,61563,5159892039.0
https://cs.stanford.edu/people/rak248/VG_100K/61564.jpg,768,1024,,61564,8207112087.0
https://cs.stanford.edu/people/rak248/VG_100K/61565.jpg,299,520,,61565,7481387120.0
https://cs.stanford.edu/people/rak248/VG_100K/61566.jpg,705,1024,279373.0,61566,9544561768.0
https://cs.stanford.edu/people/rak248/VG_100K/61567.jpg,767,1024,425381.0,61567,2478472358.0
https://cs.stanford.edu/people/rak248/VG_100K/61568.jpg,671,1000,,61568,8594446404.0
https://cs.stanford.edu/people/rak248/VG_100K/61569.jpg,640,640,,61569,9987190063.0
https://cs.stanford.edu/people/rak248/VG_100K/61570.jpg,685,1024,,61570,6707729613.0
https://cs.stanford.edu/people/rak248/VG_100K/61571.jpg,480,640,140244.0,61571,3659137656.0
https://cs.stanford.edu/people/rak248/VG_100K/61572.jpg,632,1024,,61572,8042991852.0
https://cs.stanford.edu/people/rak248/VG_100K/61574.jpg,768,1024,377213.0,61574,516428879.0
https://cs.stanford.edu/people/rak248/VG_100K/61576.jpg,466,1024,,61576,9109078971.0
https://cs.stanford.edu/people/rak248/VG_100K/61577.jpg,480,640,,61577,2788466296.0
https://cs.stanford.edu/people/rak248/VG_100K/61578.jpg,1024,682,50305.0,61578,2848278118.0
https://cs.stanford.edu/people/rak248/VG_100K/61581.jpg,1024,843,377000.0,61581,5607314225.0
https://cs.stanford.edu/people/rak248/VG_100K/61584.jpg,770,1024,121430.0,61584,6851925550.0
https://cs.stanford.edu/people/rak248/VG_100K/61586.jpg,683,1024,,61586,7825579384.0
https://cs.stanford.edu/people/rak248/VG_100K/61587.jpg,1024,680,,61587,3449140653.0
https://cs.stanford.edu/people/rak248/VG_100K/61588.jpg,683,1024,,61588,6636244929.0
https://cs.stanford.edu/people/rak248/VG_100K/61589.jpg,800,1024,,61589,8118408829.0
https://cs.stanford.edu/people/rak248/VG_100K/61590.jpg,768,1024,1700.0,61590,3177439387.0
https://cs.stanford.edu/people/rak248/VG_100K/61593.jpg,1024,772,309386.0,61593,8247849517.0
https://cs.stanford.edu/people/rak248/VG_100K/61594.jpg,803,1024,181566.0,61594,2421762255.0
https://cs.stanford.edu/people/rak248/VG_100K/61595.jpg,680,1024,551941.0,61595,8143348251.0
https://cs.stanford.edu/people/rak248/VG_100K/61596.jpg,768,1024,,61596,1749756225.0
https://cs.stanford.edu/people/rak248/VG_100K/61597.jpg,960,1280,,61597,2828905413.0
https://cs.stanford.edu/people/rak248/VG_100K/61598.jpg,685,1024,,61598,3105242807.0
https://cs.stanford.edu/people/rak248/VG_100K/61599.jpg,768,1024,538003.0,61599,4388931155.0
https://cs.stanford.edu/people/rak248/VG_100K/61600.jpg,482,1024,45433.0,61600,4356587573.0
https://cs.stanford.edu/people/rak248/VG_100K/61602.jpg,768,1024,,61602,8529912833.0
https://cs.stanford.edu/people/rak248/VG_100K/61603.jpg,768,1024,,61603,4552673315.0
https://cs.stanford.edu/people/rak248/VG_100K/61604.jpg,1024,680,498651.0,61604,6320506815.0
https://cs.stanford.edu/people/rak248/VG_100K/61605.jpg,768,1024,255706.0,61605,99283267.0
https://cs.stanford.edu/people/rak248/VG_100K/61606.jpg,768,1024,405004.0,61606,533864567.0
https://cs.stanford.edu/people/rak248/VG_100K/61609.jpg,1024,682,311501.0,61609,6983231161.0
https://cs.stanford.edu/people/rak248/VG_100K/61610.jpg,674,1024,579123.0,61610,6610791839.0
https://cs.stanford.edu/people/rak248/VG_100K/107900.jpg,960,1280,,107900,2393973731.0
https://cs.stanford.edu/people/rak248/VG_100K/107901.jpg,768,1024,,107901,168197964.0
https://cs.stanford.edu/people/rak248/VG_100K/107902.jpg,1024,768,417720.0,107902,9529946680.0
https://cs.stanford.edu/people/rak248/VG_100K/107905.jpg,770,1024,466766.0,107905,234447793.0
https://cs.stanford.edu/people/rak248/VG_100K/107906.jpg,768,1024,175020.0,107906,7397873180.0
https://cs.stanford.edu/people/rak248/VG_100K/107907.jpg,768,1024,195045.0,107907,111501747.0
https://cs.stanford.edu/people/rak248/VG_100K/107909.jpg,768,1024,71754.0,107909,8010811544.0
https://cs.stanford.edu/people/rak248/VG_100K/107910.jpg,742,1024,331799.0,107910,5952045924.0
https://cs.stanford.edu/people/rak248/VG_100K/107912.jpg,583,1024,74457.0,107912,6148444553.0
https://cs.stanford.edu/people/rak248/VG_100K/107914.jpg,800,523,285388.0,107914,592250385.0
https://cs.stanford.edu/people/rak248/VG_100K/107915.jpg,768,1024,168593.0,107915,6853122211.0
https://cs.stanford.edu/people/rak248/VG_100K/107917.jpg,768,1024,,107917,5161073556.0
https://cs.stanford.edu/people/rak248/VG_100K/107919.jpg,683,1024,336414.0,107919,8679581279.0
https://cs.stanford.edu/people/rak248/VG_100K/107920.jpg,683,1024,,107920,4977320067.0
https://cs.stanford.edu/people/rak248/VG_100K/107922.jpg,614,1024,,107922,6829038281.0
https://cs.stanford.edu/people/rak248/VG_100K/107923.jpg,480,360,68445.0,107923,402154584.0
https://cs.stanford.edu/people/rak248/VG_100K/107924.jpg,576,1024,3837.0,107924,8998531909.0
https://cs.stanford.edu/people/rak248/VG_100K/107925.jpg,1024,685,,107925,8056045427.0
https://cs.stanford.edu/people/rak248/VG_100K/107928.jpg,1024,768,271148.0,107928,5925756529.0
https://cs.stanford.edu/people/rak248/VG_100K/107930.jpg,768,1024,375464.0,107930,8315131764.0
https://cs.stanford.edu/people/rak248/VG_100K/107931.jpg,590,858,571499.0,107931,5161016911.0
https://cs.stanford.edu/people/rak248/VG_100K/107932.jpg,684,1024,,107932,4379788824.0
https://cs.stanford.edu/people/rak248/VG_100K/107933.jpg,768,1024,410707.0,107933,374988762.0
https://cs.stanford.edu/people/rak248/VG_100K/107934.jpg,533,800,557543.0,107934,277947910.0
https://cs.stanford.edu/people/rak248/VG_100K/107935.jpg,644,1024,,107935,9025241266.0
https://cs.stanford.edu/people/rak248/VG_100K/107936.jpg,767,1024,,107936,8310475803.0
https://cs.stanford.edu/people/rak248/VG_100K/107937.jpg,1024,576,23759.0,107937,8264411361.0
https://cs.stanford.edu/people/rak248/VG_100K/107939.jpg,1024,683,282793.0,107939,8043341901.0
https://cs.stanford.edu/people/rak248/VG_100K/107941.jpg,612,612,517807.0,107941,6312836326.0
https://cs.stanford.edu/people/rak248/VG_100K/107942.jpg,1024,612,215207.0,107942,10211332813.0
https://cs.stanford.edu/people/rak248/VG_100K/107943.jpg,574,864,,107943,4668514133.0
https://cs.stanford.edu/people/rak248/VG_100K/107945.jpg,800,708,,107945,4925471782.0
https://cs.stanford.edu/people/rak248/VG_100K/107946.jpg,853,1280,203102.0,107946,4635943863.0
https://cs.stanford.edu/people/rak248/VG_100K/107947.jpg,678,1024,440508.0,107947,9779255862.0
https://cs.stanford.edu/people/rak248/VG_100K/107949.jpg,683,1024,,107949,8739486842.0
https://cs.stanford.edu/people/rak248/VG_100K/107950.jpg,768,1024,,107950,3360452818.0
https://cs.stanford.edu/people/rak248/VG_100K/107951.jpg,754,1024,265453.0,107951,9352820210.0
https://cs.stanford.edu/people/rak248/VG_100K/107952.jpg,683,1024,,107952,5941494725.0
https://cs.stanford.edu/people/rak248/VG_100K/107953.jpg,683,1024,104701.0,107953,69470137.0
https://cs.stanford.edu/people/rak248/VG_100K/107954.jpg,683,1024,,107954,510350219.0
https://cs.stanford.edu/people/rak248/VG_100K/107955.jpg,768,1024,272026.0,107955,9044850247.0
https://cs.stanford.edu/people/rak248/VG_100K/107960.jpg,877,1024,422170.0,107960,6296054082.0
https://cs.stanford.edu/people/rak248/VG_100K/107961.jpg,678,1024,415790.0,107961,9278373435.0
https://cs.stanford.edu/people/rak248/VG_100K/107962.jpg,768,1024,,107962,528114146.0
https://cs.stanford.edu/people/rak248/VG_100K/107963.jpg,768,1024,,107963,5934430558.0
https://cs.stanford.edu/people/rak248/VG_100K/107964.jpg,768,1024,198735.0,107964,8621299649.0
https://cs.stanford.edu/people/rak248/VG_100K/107965.jpg,1024,768,81735.0,107965,4813077959.0
https://cs.stanford.edu/people/rak248/VG_100K/107966.jpg,1024,685,19028.0,107966,6872898747.0
https://cs.stanford.edu/people/rak248/VG_100K/107967.jpg,810,1200,282899.0,107967,142866020.0
https://cs.stanford.edu/people/rak248/VG_100K/107968.jpg,765,1024,445093.0,107968,8916908299.0
https://cs.stanford.edu/people/rak248/VG_100K/107969.jpg,768,1024,,107969,5222133436.0
https://cs.stanford.edu/people/rak248/VG_100K/107970.jpg,1024,768,79966.0,107970,8750340132.0
https://cs.stanford.edu/people/rak248/VG_100K/107971.jpg,1024,765,503401.0,107971,8245624137.0
https://cs.stanford.edu/people/rak248/VG_100K/107972.jpg,567,850,263270.0,107972,7851656958.0
https://cs.stanford.edu/people/rak248/VG_100K/107973.jpg,686,1024,,107973,8668121514.0
https://cs.stanford.edu/people/rak248/VG_100K/107974.jpg,432,768,,107974,6498587575.0
https://cs.stanford.edu/people/rak248/VG_100K/107975.jpg,960,1280,182933.0,107975,324885996.0
https://cs.stanford.edu/people/rak248/VG_100K/107976.jpg,662,1024,,107976,4869456397.0
https://cs.stanford.edu/people/rak248/VG_100K/107977.jpg,975,1024,,107977,4370372957.0
https://cs.stanford.edu/people/rak248/VG_100K/107978.jpg,1024,681,174868.0,107978,3167666872.0
https://cs.stanford.edu/people/rak248/VG_100K/107980.jpg,1024,692,124230.0,107980,7184340160.0
https://cs.stanford.edu/people/rak248/VG_100K/107983.jpg,1024,683,,107983,7382273234.0
https://cs.stanford.edu/people/rak248/VG_100K/107984.jpg,683,1024,456652.0,107984,3679553663.0
https://cs.stanford.edu/people/rak248/VG_100K/107985.jpg,707,1024,,107985,8023304129.0
https://cs.stanford.edu/people/rak248/VG_100K/107986.jpg,768,1024,440284.0,107986,2208778744.0
https://cs.stanford.edu/people/rak248/VG_100K/107987.jpg,853,1024,,107987,2443130672.0
https://cs.stanford.edu/people/rak248/VG_100K/107989.jpg,686,1024,,107989,4657999166.0
https://cs.stanford.edu/people/rak248/VG_100K/107990.jpg,768,1024,257958.0,107990,3462144862.0
https://cs.stanford.edu/people/rak248/VG_100K/107991.jpg,768,1024,357386.0,107991,8083246385.0
https://cs.stanford.edu/people/rak248/VG_100K/107992.jpg,472,630,12021.0,107992,321785477.0
https://cs.stanford.edu/people/rak248/VG_100K/107993.jpg,683,1024,381556.0,107993,8467014282.0
https://cs.stanford.edu/people/rak248/VG_100K/107994.jpg,768,1024,131390.0,107994,7452285360.0
https://cs.stanford.edu/people/rak248/VG_100K/107996.jpg,1024,768,310214.0,107996,5297711298.0
https://cs.stanford.edu/people/rak248/VG_100K/107997.jpg,768,1024,69526.0,107997,110028147.0
https://cs.stanford.edu/people/rak248/VG_100K/150259.jpg,1024,680,536010.0,150259,6827056202.0
https://cs.stanford.edu/people/rak248/VG_100K/150260.jpg,768,1024,160115.0,150260,2107436863.0
https://cs.stanford.edu/people/rak248/VG_100K/150261.jpg,680,1024,126301.0,150261,6462985601.0
https://cs.stanford.edu/people/rak248/VG_100K/150262.jpg,612,612,167713.0,150262,8637891557.0
https://cs.stanford.edu/people/rak248/VG_100K/150263.jpg,768,1024,,150263,221876828.0
https://cs.stanford.edu/people/rak248/VG_100K/150264.jpg,680,1024,156405.0,150264,4984649099.0
https://cs.stanford.edu/people/rak248/VG_100K/150265.jpg,688,1024,565834.0,150265,8999127355.0
https://cs.stanford.edu/people/rak248/VG_100K/150266.jpg,685,1024,,150266,5046517526.0
https://cs.stanford.edu/people/rak248/VG_100K/150267.jpg,577,1024,,150267,9515859651.0
https://cs.stanford.edu/people/rak248/VG_100K/150268.jpg,1024,768,89266.0,150268,264742072.0
https://cs.stanford.edu/people/rak248/VG_100K/150269.jpg,683,1024,405137.0,150269,486267834.0
https://cs.stanford.edu/people/rak248/VG_100K/150270.jpg,1024,681,167598.0,150270,253214757.0
https://cs.stanford.edu/people/rak248/VG_100K/150273.jpg,768,1024,198596.0,150273,2913972245.0
https://cs.stanford.edu/people/rak248/VG_100K/150274.jpg,910,1024,400617.0,150274,5896543857.0
https://cs.stanford.edu/people/rak248/VG_100K/150276.jpg,683,1024,108655.0,150276,8756208339.0
https://cs.stanford.edu/people/rak248/VG_100K/150277.jpg,768,1024,356362.0,150277,5892607466.0
https://cs.stanford.edu/people/rak248/VG_100K/150278.jpg,740,1024,309086.0,150278,8339575908.0
https://cs.stanford.edu/people/rak248/VG_100K/150279.jpg,1024,768,,150279,8739973099.0
https://cs.stanford.edu/people/rak248/VG_100K/150280.jpg,768,1024,271987.0,150280,4741167837.0
https://cs.stanford.edu/people/rak248/VG_100K/150281.jpg,612,612,,150281,8560160806.0
https://cs.stanford.edu/people/rak248/VG_100K/150282.jpg,768,1024,342126.0,150282,8458842327.0
https://cs.stanford.edu/people/rak248/VG_100K/150284.jpg,768,1024,,150284,4597555826.0
https://cs.stanford.edu/people/rak248/VG_100K/150285.jpg,1024,1024,439271.0,150285,8213655731.0
https://cs.stanford.edu/people/rak248/VG_100K/150287.jpg,1024,683,,150287,3377145238.0
https://cs.stanford.edu/people/rak248/VG_100K/150288.jpg,683,1024,136240.0,150288,2661200771.0
https://cs.stanford.edu/people/rak248/VG_100K/150289.jpg,1024,683,,150289,9210906893.0
https://cs.stanford.edu/people/rak248/VG_100K/150290.jpg,768,1024,204422.0,150290,4282848031.0
https://cs.stanford.edu/people/rak248/VG_100K/150291.jpg,685,1024,465853.0,150291,2037997834.0
https://cs.stanford.edu/people/rak248/VG_100K/150293.jpg,782,1024,228226.0,150293,7348234584.0
https://cs.stanford.edu/people/rak248/VG_100K/150294.jpg,1024,768,197383.0,150294,280636459.0
https://cs.stanford.edu/people/rak248/VG_100K/150295.jpg,1024,683,,150295,4305666657.0
https://cs.stanford.edu/people/rak248/VG_100K/150296.jpg,768,1024,138501.0,150296,5075675963.0
https://cs.stanford.edu/people/rak248/VG_100K/150297.jpg,681,1024,165893.0,150297,7405095362.0
https://cs.stanford.edu/people/rak248/VG_100K/150298.jpg,737,1024,249643.0,150298,9167356387.0
https://cs.stanford.edu/people/rak248/VG_100K/150299.jpg,1024,685,390608.0,150299,8800644952.0
https://cs.stanford.edu/people/rak248/VG_100K/150300.jpg,677,1024,142969.0,150300,7222591478.0
https://cs.stanford.edu/people/rak248/VG_100K/150301.jpg,1024,768,9274.0,150301,4487608653.0
https://cs.stanford.edu/people/rak248/VG_100K/150303.jpg,768,1024,340145.0,150303,4579361887.0
https://cs.stanford.edu/people/rak248/VG_100K/150305.jpg,765,1024,552796.0,150305,5557032034.0
https://cs.stanford.edu/people/rak248/VG_100K/150306.jpg,768,1024,,150306,3920534455.0
https://cs.stanford.edu/people/rak248/VG_100K/150307.jpg,577,1024,554255.0,150307,3645594155.0
https://cs.stanford.edu/people/rak248/VG_100K/150308.jpg,683,1024,106508.0,150308,9777495065.0
https://cs.stanford.edu/people/rak248/VG_100K/150309.jpg,765,1024,38840.0,150309,5714790197.0
https://cs.stanford.edu/people/rak248/VG_100K/150311.jpg,663,1024,254917.0,150311,7965295478.0
https://cs.stanford.edu/people/rak248/VG_100K/150312.jpg,1024,683,216930.0,150312,4886337019.0
https://cs.stanford.edu/people/rak248/VG_100K/150313.jpg,768,1024,212381.0,150313,7473102164.0
https://cs.stanford.edu/people/rak248/VG_100K/150315.jpg,768,1024,,150315,8072055093.0
https://cs.stanford.edu/people/rak248/VG_100K/150316.jpg,1024,768,,150316,6260429135.0
https://cs.stanford.edu/people/rak248/VG_100K/150317.jpg,1024,718,,150317,3519165573.0
https://cs.stanford.edu/people/rak248/VG_100K/150320.jpg,1024,768,,150320,3394197094.0
https://cs.stanford.edu/people/rak248/VG_100K/150321.jpg,1024,768,,150321,9641306920.0
https://cs.stanford.edu/people/rak248/VG_100K/150322.jpg,613,1024,,150322,8370615023.0
https://cs.stanford.edu/people/rak248/VG_100K/150324.jpg,768,1024,342204.0,150324,4076637375.0
https://cs.stanford.edu/people/rak248/VG_100K/150325.jpg,1024,751,137203.0,150325,3845770407.0
https://cs.stanford.edu/people/rak248/VG_100K/150326.jpg,673,1024,554070.0,150326,5586897188.0
https://cs.stanford.edu/people/rak248/VG_100K/150329.jpg,671,1024,555797.0,150329,5347302149.0
https://cs.stanford.edu/people/rak248/VG_100K/150330.jpg,709,1024,51571.0,150330,7800640746.0
https://cs.stanford.edu/people/rak248/VG_100K/150333.jpg,768,1024,,150333,8586023764.0
https://cs.stanford.edu/people/rak248/VG_100K/150335.jpg,590,875,237002.0,150335,5541639283.0
https://cs.stanford.edu/people/rak248/VG_100K/150336.jpg,683,1024,,150336,8441396428.0
https://cs.stanford.edu/people/rak248/VG_100K/150337.jpg,1024,768,518157.0,150337,2832592525.0
https://cs.stanford.edu/people/rak248/VG_100K/150338.jpg,685,1024,272870.0,150338,5255443129.0
https://cs.stanford.edu/people/rak248/VG_100K/150339.jpg,1024,768,,150339,4513379791.0
https://cs.stanford.edu/people/rak248/VG_100K/150341.jpg,778,1024,,150341,7091065905.0
https://cs.stanford.edu/people/rak248/VG_100K/150342.jpg,768,1024,,150342,5048801862.0
https://cs.stanford.edu/people/rak248/VG_100K/150343.jpg,683,1024,,150343,5941332610.0
https://cs.stanford.edu/people/rak248/VG_100K/150344.jpg,768,1024,,150344,157595351.0
https://cs.stanford.edu/people/rak248/VG_100K/150348.jpg,683,1024,459003.0,150348,5533444172.0
https://cs.stanford.edu/people/rak248/VG_100K/150349.jpg,1024,683,329952.0,150349,4505571044.0
https://cs.stanford.edu/people/rak248/VG_100K/150350.jpg,768,1024,,150350,34041643.0
https://cs.stanford.edu/people/rak248/VG_100K/150351.jpg,643,1024,77601.0,150351,7359031054.0
https://cs.stanford.edu/people/rak248/VG_100K/150352.jpg,680,1024,284018.0,150352,5012838190.0
https://cs.stanford.edu/people/rak248/VG_100K/150353.jpg,1024,683,,150353,5605897099.0
https://cs.stanford.edu/people/rak248/VG_100K/150354.jpg,768,1024,,150354,4801712465.0
https://cs.stanford.edu/people/rak248/VG_100K/150355.jpg,1024,681,,150355,4106411944.0
https://cs.stanford.edu/people/rak248/VG_100K/150356.jpg,576,1024,39040.0,150356,3771067047.0
https://cs.stanford.edu/people/rak248/VG_100K/150357.jpg,576,1024,414850.0,150357,7007762133.0
https://cs.stanford.edu/people/rak248/VG_100K/150358.jpg,768,1024,460373.0,150358,5648677454.0
https://cs.stanford.edu/people/rak248/VG_100K/150359.jpg,525,700,,150359,7975438142.0
https://cs.stanford.edu/people/rak248/VG_100K/150360.jpg,338,450,367680.0,150360,34251540.0
https://cs.stanford.edu/people/rak248/VG_100K/150361.jpg,411,1024,503724.0,150361,9721900369.0
https://cs.stanford.edu/people/rak248/VG_100K/150362.jpg,768,1024,,150362,77398730.0
https://cs.stanford.edu/people/rak248/VG_100K/150364.jpg,765,1024,149123.0,150364,8262777056.0
https://cs.stanford.edu/people/rak248/VG_100K/150365.jpg,683,1024,,150365,7386755464.0
https://cs.stanford.edu/people/rak248/VG_100K/150366.jpg,685,1024,211107.0,150366,4601876401.0
https://cs.stanford.edu/people/rak248/VG_100K/150371.jpg,682,1024,,150371,8670178653.0
https://cs.stanford.edu/people/rak248/VG_100K/150372.jpg,768,1024,358017.0,150372,5440126054.0
https://cs.stanford.edu/people/rak248/VG_100K/150373.jpg,768,1024,549117.0,150373,4015537255.0
https://cs.stanford.edu/people/rak248/VG_100K/150374.jpg,768,1024,460728.0,150374,8398879578.0
https://cs.stanford.edu/people/rak248/VG_100K/150376.jpg,316,1024,,150376,9703241066.0
https://cs.stanford.edu/people/rak248/VG_100K/150377.jpg,687,1024,237818.0,150377,4664804932.0
https://cs.stanford.edu/people/rak248/VG_100K/150378.jpg,683,1024,68751.0,150378,6103715639.0
https://cs.stanford.edu/people/rak248/VG_100K/150379.jpg,678,1024,128957.0,150379,5614753837.0
https://cs.stanford.edu/people/rak248/VG_100K/150380.jpg,688,1024,271999.0,150380,8890860889.0
https://cs.stanford.edu/people/rak248/VG_100K/150381.jpg,683,1024,315654.0,150381,3972563291.0
https://cs.stanford.edu/people/rak248/VG_100K/150382.jpg,768,1024,534734.0,150382,9272874414.0
https://cs.stanford.edu/people/rak248/VG_100K/150383.jpg,706,1024,499584.0,150383,8738679073.0
https://cs.stanford.edu/people/rak248/VG_100K/150384.jpg,768,1024,3860.0,150384,10131308045.0
https://cs.stanford.edu/people/rak248/VG_100K/150385.jpg,683,1024,,150385,9352646639.0
https://cs.stanford.edu/people/rak248/VG_100K/150386.jpg,768,1024,579752.0,150386,9497438546.0
https://cs.stanford.edu/people/rak248/VG_100K/150387.jpg,736,1024,,150387,10132032225.0
https://cs.stanford.edu/people/rak248/VG_100K/150388.jpg,683,1024,,150388,5255039125.0
https://cs.stanford.edu/people/rak248/VG_100K/150390.jpg,853,1024,381994.0,150390,447938528.0
https://cs.stanford.edu/people/rak248/VG_100K/150391.jpg,913,1024,502197.0,150391,4998457984.0
https://cs.stanford.edu/people/rak248/VG_100K/150392.jpg,671,1024,432744.0,150392,7148695051.0
https://cs.stanford.edu/people/rak248/VG_100K/150393.jpg,767,1024,361009.0,150393,7378129798.0
https://cs.stanford.edu/people/rak248/VG_100K/150394.jpg,681,1024,573132.0,150394,7722572846.0
https://cs.stanford.edu/people/rak248/VG_100K/150396.jpg,683,1024,280814.0,150396,3393427283.0
https://cs.stanford.edu/people/rak248/VG_100K/150402.jpg,683,1024,,150402,8593031988.0
https://cs.stanford.edu/people/rak248/VG_100K/150403.jpg,680,1024,160247.0,150403,9920272164.0
https://cs.stanford.edu/people/rak248/VG_100K/150404.jpg,656,1024,116396.0,150404,10174682414.0
https://cs.stanford.edu/people/rak248/VG_100K/150405.jpg,768,1024,,150405,6131568427.0
https://cs.stanford.edu/people/rak248/VG_100K/150408.jpg,677,1024,412757.0,150408,4295900757.0
https://cs.stanford.edu/people/rak248/VG_100K/150410.jpg,642,1024,,150410,3548141124.0
https://cs.stanford.edu/people/rak248/VG_100K/150411.jpg,1024,684,,150411,4109659001.0
https://cs.stanford.edu/people/rak248/VG_100K/150412.jpg,1024,768,352357.0,150412,2801485949.0
https://cs.stanford.edu/people/rak248/VG_100K/150413.jpg,768,1024,,150413,3475982675.0
https://cs.stanford.edu/people/rak248/VG_100K/150414.jpg,681,1024,498175.0,150414,5427513431.0
https://cs.stanford.edu/people/rak248/VG_100K/150415.jpg,680,1024,,150415,9383521044.0
https://cs.stanford.edu/people/rak248/VG_100K/150416.jpg,683,1024,27704.0,150416,6068733163.0
https://cs.stanford.edu/people/rak248/VG_100K/150417.jpg,768,1024,,150417,7764246408.0
https://cs.stanford.edu/people/rak248/VG_100K/150418.jpg,683,1024,,150418,8748523295.0
https://cs.stanford.edu/people/rak248/VG_100K/150419.jpg,612,612,,150419,8147048051.0
https://cs.stanford.edu/people/rak248/VG_100K/150420.jpg,681,1024,,150420,6074101400.0
https://cs.stanford.edu/people/rak248/VG_100K/150421.jpg,681,1024,,150421,4465569739.0
https://cs.stanford.edu/people/rak248/VG_100K/150422.jpg,683,1024,500768.0,150422,2770686605.0
https://cs.stanford.edu/people/rak248/VG_100K/150429.jpg,683,1024,181896.0,150429,6374376091.0
https://cs.stanford.edu/people/rak248/VG_100K/150430.jpg,759,1024,271011.0,150430,3221687853.0
https://cs.stanford.edu/people/rak248/VG_100K/150432.jpg,768,1024,543332.0,150432,8719454964.0
https://cs.stanford.edu/people/rak248/VG_100K/150433.jpg,681,1024,6811.0,150433,3377176196.0
https://cs.stanford.edu/people/rak248/VG_100K/150436.jpg,768,1024,260138.0,150436,6237417008.0
https://cs.stanford.edu/people/rak248/VG_100K/150437.jpg,768,1024,,150437,7524287460.0
https://cs.stanford.edu/people/rak248/VG_100K/150438.jpg,768,1024,260345.0,150438,511119850.0
https://cs.stanford.edu/people/rak248/VG_100K/150439.jpg,768,1024,129176.0,150439,6604654463.0
https://cs.stanford.edu/people/rak248/VG_100K/150440.jpg,683,1024,577091.0,150440,7062149521.0
https://cs.stanford.edu/people/rak248/VG_100K/150441.jpg,634,1024,,150441,8632289488.0
https://cs.stanford.edu/people/rak248/VG_100K/150442.jpg,682,1024,,150442,5173624489.0
https://cs.stanford.edu/people/rak248/VG_100K/150443.jpg,765,1024,581466.0,150443,7191502136.0
https://cs.stanford.edu/people/rak248/VG_100K/150444.jpg,731,1024,147972.0,150444,7590096282.0
https://cs.stanford.edu/people/rak248/VG_100K/150445.jpg,532,1024,,150445,7537373790.0
https://cs.stanford.edu/people/rak248/VG_100K/150446.jpg,681,1024,,150446,4331959222.0
https://cs.stanford.edu/people/rak248/VG_100K/150447.jpg,1024,576,,150447,6903127087.0
https://cs.stanford.edu/people/rak248/VG_100K/150448.jpg,827,1024,,150448,6947893621.0
https://cs.stanford.edu/people/rak248/VG_100K/150449.jpg,768,1024,,150449,88174066.0
https://cs.stanford.edu/people/rak248/VG_100K/150450.jpg,667,1000,160239.0,150450,5029487385.0
https://cs.stanford.edu/people/rak248/VG_100K/150453.jpg,612,612,31273.0,150453,7618048628.0
https://cs.stanford.edu/people/rak248/VG_100K/150454.jpg,768,1024,,150454,8291598394.0
https://cs.stanford.edu/people/rak248/VG_100K/150455.jpg,648,1024,,150455,8514141980.0
https://cs.stanford.edu/people/rak248/VG_100K/150456.jpg,683,1024,328935.0,150456,6760111765.0
https://cs.stanford.edu/people/rak248/VG_100K/150458.jpg,768,1024,155806.0,150458,2956164347.0
https://cs.stanford.edu/people/rak248/VG_100K/150463.jpg,768,1024,407820.0,150463,3260995233.0
https://cs.stanford.edu/people/rak248/VG_100K/150464.jpg,809,1024,101882.0,150464,8019478645.0
https://cs.stanford.edu/people/rak248/VG_100K/150467.jpg,768,1024,148700.0,150467,2975465921.0
https://cs.stanford.edu/people/rak248/VG_100K/150468.jpg,768,1024,,150468,15535246.0
https://cs.stanford.edu/people/rak248/VG_100K/150470.jpg,881,1200,35897.0,150470,142550328.0
https://cs.stanford.edu/people/rak248/VG_100K/150471.jpg,768,1024,,150471,2367899908.0
https://cs.stanford.edu/people/rak248/VG_100K/150472.jpg,768,1024,,150472,5016022321.0
https://cs.stanford.edu/people/rak248/VG_100K/150474.jpg,768,1024,497273.0,150474,7655582048.0
https://cs.stanford.edu/people/rak248/VG_100K/150476.jpg,683,1024,429109.0,150476,8171276414.0
https://cs.stanford.edu/people/rak248/VG_100K/150478.jpg,681,1024,224017.0,150478,6293856264.0
https://cs.stanford.edu/people/rak248/VG_100K/150481.jpg,667,1000,176588.0,150481,5324935749.0
https://cs.stanford.edu/people/rak248/VG_100K/150482.jpg,680,1024,327663.0,150482,6352669672.0
https://cs.stanford.edu/people/rak248/VG_100K/150485.jpg,680,1024,562863.0,150485,8059265370.0
https://cs.stanford.edu/people/rak248/VG_100K/150486.jpg,1024,758,343708.0,150486,344652972.0
https://cs.stanford.edu/people/rak248/VG_100K/150487.jpg,681,1024,427060.0,150487,2582208468.0
https://cs.stanford.edu/people/rak248/VG_100K/150488.jpg,600,1024,60316.0,150488,4953831714.0
https://cs.stanford.edu/people/rak248/VG_100K/150489.jpg,680,1024,289312.0,150489,5874184480.0
https://cs.stanford.edu/people/rak248/VG_100K/150493.jpg,670,1024,495610.0,150493,7062560387.0
https://cs.stanford.edu/people/rak248/VG_100K/150494.jpg,683,1024,193654.0,150494,5705006097.0
https://cs.stanford.edu/people/rak248/VG_100K/150495.jpg,750,1000,,150495,2891003931.0
https://cs.stanford.edu/people/rak248/VG_100K/150496.jpg,768,1024,34120.0,150496,2557616124.0
https://cs.stanford.edu/people/rak248/VG_100K/150497.jpg,687,1024,424694.0,150497,8611606589.0
https://cs.stanford.edu/people/rak248/VG_100K/150499.jpg,685,1024,,150499,5748550971.0
https://cs.stanford.edu/people/rak248/VG_100K/150502.jpg,1024,768,571313.0,150502,3103440395.0
https://cs.stanford.edu/people/rak248/VG_100K/150504.jpg,768,1024,,150504,9401836800.0
https://cs.stanford.edu/people/rak248/VG_100K/150505.jpg,768,1024,75183.0,150505,3373056123.0
https://cs.stanford.edu/people/rak248/VG_100K/150506.jpg,683,1024,,150506,6083917776.0
https://cs.stanford.edu/people/rak248/VG_100K/150509.jpg,1024,683,199876.0,150509,7433561234.0
https://cs.stanford.edu/people/rak248/VG_100K/150510.jpg,768,1024,,150510,7300781238.0
https://cs.stanford.edu/people/rak248/VG_100K/150511.jpg,556,1024,417031.0,150511,9598935633.0
https://cs.stanford.edu/people/rak248/VG_100K/150512.jpg,681,1024,285990.0,150512,4379384908.0
https://cs.stanford.edu/people/rak248/VG_100K/150513.jpg,727,1024,82846.0,150513,8187720838.0
https://cs.stanford.edu/people/rak248/VG_100K/150514.jpg,683,1024,,150514,9725059605.0
https://cs.stanford.edu/people/rak248/VG_100K/150515.jpg,641,962,,150515,5943895375.0
https://cs.stanford.edu/people/rak248/VG_100K/150516.jpg,768,1024,,150516,8644268551.0
https://cs.stanford.edu/people/rak248/VG_100K/150517.jpg,1024,880,9772.0,150517,5512279742.0
https://cs.stanford.edu/people/rak248/VG_100K/150518.jpg,768,1024,,150518,5693728955.0
https://cs.stanford.edu/people/rak248/VG_100K/150520.jpg,683,1024,79975.0,150520,5913627144.0
https://cs.stanford.edu/people/rak248/VG_100K/150522.jpg,853,1280,41728.0,150522,3543224993.0
https://cs.stanford.edu/people/rak248/VG_100K/150523.jpg,604,1024,,150523,8843742643.0
https://cs.stanford.edu/people/rak248/VG_100K/150538.jpg,768,1024,47087.0,150538,6033578237.0
https://cs.stanford.edu/people/rak248/VG_100K/150542.jpg,678,1024,,150542,9691713623.0
https://cs.stanford.edu/people/rak248/VG_100K/150545.jpg,683,1024,,150545,3407689174.0
https://cs.stanford.edu/people/rak248/VG_100K/150546.jpg,600,800,174527.0,150546,5004029058.0
https://cs.stanford.edu/people/rak248/VG_100K/285603.jpg,767,1024,466621.0,285603,9769797861.0
https://cs.stanford.edu/people/rak248/VG_100K/285604.jpg,584,1024,29504.0,285604,8472477677.0
https://cs.stanford.edu/people/rak248/VG_100K/285611.jpg,1024,765,195671.0,285611,5845954362.0
https://cs.stanford.edu/people/rak248/VG_100K/285612.jpg,638,960,365958.0,285612,8389314968.0
https://cs.stanford.edu/people/rak248/VG_100K/285621.jpg,768,1024,142934.0,285621,337085136.0
https://cs.stanford.edu/people/rak248/VG_100K/285622.jpg,742,1024,,285622,3035775096.0
https://cs.stanford.edu/people/rak248/VG_100K/285624.jpg,1024,1024,,285624,5277318135.0
https://cs.stanford.edu/people/rak248/VG_100K/285625.jpg,686,1024,,285625,6717778167.0
https://cs.stanford.edu/people/rak248/VG_100K/285627.jpg,768,1024,,285627,2865884860.0
https://cs.stanford.edu/people/rak248/VG_100K/285628.jpg,600,800,537456.0,285628,1050406793.0
https://cs.stanford.edu/people/rak248/VG_100K/285633.jpg,768,1024,459451.0,285633,362154704.0
https://cs.stanford.edu/people/rak248/VG_100K/285634.jpg,1024,683,,285634,4397238687.0
https://cs.stanford.edu/people/rak248/VG_100K/285635.jpg,683,1024,,285635,9374416192.0
https://cs.stanford.edu/people/rak248/VG_100K/285636.jpg,685,1024,,285636,9802158925.0
https://cs.stanford.edu/people/rak248/VG_100K/285640.jpg,768,1024,,285640,4342804425.0
https://cs.stanford.edu/people/rak248/VG_100K/285641.jpg,1024,769,470976.0,285641,5709801009.0
https://cs.stanford.edu/people/rak248/VG_100K/285651.jpg,683,1024,,285651,8226409331.0
https://cs.stanford.edu/people/rak248/VG_100K/285652.jpg,1024,683,365569.0,285652,7180092644.0
https://cs.stanford.edu/people/rak248/VG_100K/285653.jpg,683,1024,494154.0,285653,4691208544.0
https://cs.stanford.edu/people/rak248/VG_100K/285654.jpg,681,1024,125270.0,285654,4951825101.0
https://cs.stanford.edu/people/rak248/VG_100K/285655.jpg,688,1024,,285655,5415133934.0
https://cs.stanford.edu/people/rak248/VG_100K/285665.jpg,768,1024,,285665,8093545484.0
https://cs.stanford.edu/people/rak248/VG_100K/285668.jpg,720,540,205916.0,285668,484546277.0
https://cs.stanford.edu/people/rak248/VG_100K/285669.jpg,768,1024,,285669,3908439696.0
https://cs.stanford.edu/people/rak248/VG_100K/285670.jpg,768,1024,530132.0,285670,4046518387.0
https://cs.stanford.edu/people/rak248/VG_100K/285671.jpg,683,1024,458572.0,285671,6615239251.0
https://cs.stanford.edu/people/rak248/VG_100K/285672.jpg,683,1024,,285672,2302800161.0
https://cs.stanford.edu/people/rak248/VG_100K/285673.jpg,1024,768,490992.0,285673,3679540263.0
https://cs.stanford.edu/people/rak248/VG_100K/285674.jpg,1024,819,69196.0,285674,8418581092.0
https://cs.stanford.edu/people/rak248/VG_100K/285675.jpg,744,1024,,285675,3360036376.0
https://cs.stanford.edu/people/rak248/VG_100K/285683.jpg,716,1024,513727.0,285683,6928176644.0
https://cs.stanford.edu/people/rak248/VG_100K/285684.jpg,768,1024,247319.0,285684,8711148031.0
https://cs.stanford.edu/people/rak248/VG_100K/285685.jpg,1280,960,357004.0,285685,263705705.0
https://cs.stanford.edu/people/rak248/VG_100K/285686.jpg,768,1024,349354.0,285686,3365583121.0
https://cs.stanford.edu/people/rak248/VG_100K/285687.jpg,683,1024,,285687,3068032756.0
https://cs.stanford.edu/people/rak248/VG_100K/285693.jpg,612,612,547229.0,285693,7856402338.0
https://cs.stanford.edu/people/rak248/VG_100K/285697.jpg,614,1024,570039.0,285697,5688745816.0
https://cs.stanford.edu/people/rak248/VG_100K/285698.jpg,683,1024,,285698,8068764590.0
https://cs.stanford.edu/people/rak248/VG_100K/285699.jpg,765,1024,,285699,6563080571.0
https://cs.stanford.edu/people/rak248/VG_100K/285700.jpg,710,1024,169100.0,285700,4580096692.0
https://cs.stanford.edu/people/rak248/VG_100K/285701.jpg,678,1024,,285701,7714241214.0
https://cs.stanford.edu/people/rak248/VG_100K/285703.jpg,683,1024,,285703,2255697827.0
https://cs.stanford.edu/people/rak248/VG_100K/285706.jpg,681,1024,448930.0,285706,348515055.0
https://cs.stanford.edu/people/rak248/VG_100K/285714.jpg,1024,768,202842.0,285714,4710743976.0
https://cs.stanford.edu/people/rak248/VG_100K/285716.jpg,1024,683,61147.0,285716,7373414578.0
https://cs.stanford.edu/people/rak248/VG_100K/285718.jpg,731,1024,,285718,5829524547.0
https://cs.stanford.edu/people/rak248/VG_100K/285721.jpg,683,1024,222118.0,285721,4410946215.0
https://cs.stanford.edu/people/rak248/VG_100K/285722.jpg,1024,768,313186.0,285722,6581521641.0
https://cs.stanford.edu/people/rak248/VG_100K/285725.jpg,768,1024,,285725,517184261.0
https://cs.stanford.edu/people/rak248/VG_100K/285726.jpg,768,1024,575756.0,285726,3902969173.0
https://cs.stanford.edu/people/rak248/VG_100K/285727.jpg,1024,1024,,285727,8832771966.0
https://cs.stanford.edu/people/rak248/VG_100K/285728.jpg,768,1024,,285728,6955353575.0
https://cs.stanford.edu/people/rak248/VG_100K/285729.jpg,768,1024,,285729,2972941961.0
https://cs.stanford.edu/people/rak248/VG_100K/285730.jpg,683,1024,560422.0,285730,9829066303.0
https://cs.stanford.edu/people/rak248/VG_100K/285732.jpg,683,1024,447088.0,285732,2411940318.0
https://cs.stanford.edu/people/rak248/VG_100K/285733.jpg,1024,768,,285733,226695257.0
https://cs.stanford.edu/people/rak248/VG_100K/285734.jpg,856,1280,208011.0,285734,216620253.0
https://cs.stanford.edu/people/rak248/VG_100K/285735.jpg,768,1024,,285735,111083560.0
https://cs.stanford.edu/people/rak248/VG_100K/285736.jpg,1024,683,,285736,3854901527.0
https://cs.stanford.edu/people/rak248/VG_100K/285737.jpg,1024,768,483517.0,285737,3179964062.0
https://cs.stanford.edu/people/rak248/VG_100K/285738.jpg,1280,960,22008.0,285738,2209527322.0
https://cs.stanford.edu/people/rak248/VG_100K/285742.jpg,683,1024,,285742,8120131392.0
https://cs.stanford.edu/people/rak248/VG_100K/285743.jpg,768,1024,,285743,9569516417.0
https://cs.stanford.edu/people/rak248/VG_100K/285744.jpg,1024,683,251591.0,285744,366978953.0
https://cs.stanford.edu/people/rak248/VG_100K/285747.jpg,768,1024,294663.0,285747,7033888371.0
https://cs.stanford.edu/people/rak248/VG_100K/285748.jpg,576,1024,73824.0,285748,7685844838.0
https://cs.stanford.edu/people/rak248/VG_100K/285749.jpg,768,1024,,285749,9771753001.0
https://cs.stanford.edu/people/rak248/VG_100K/285750.jpg,612,612,,285750,7612145156.0
https://cs.stanford.edu/people/rak248/VG_100K/285754.jpg,779,1024,11838.0,285754,8286906156.0
https://cs.stanford.edu/people/rak248/VG_100K/285755.jpg,683,1024,,285755,8609741694.0
https://cs.stanford.edu/people/rak248/VG_100K/285759.jpg,768,1024,50360.0,285759,5749034179.0
https://cs.stanford.edu/people/rak248/VG_100K/285760.jpg,1024,683,,285760,5730484786.0
https://cs.stanford.edu/people/rak248/VG_100K/285761.jpg,768,1024,,285761,8085073949.0
https://cs.stanford.edu/people/rak248/VG_100K/285762.jpg,678,1024,496693.0,285762,6883648073.0
https://cs.stanford.edu/people/rak248/VG_100K/285763.jpg,902,1024,95533.0,285763,7397720816.0
https://cs.stanford.edu/people/rak248/VG_100K/285764.jpg,768,1024,,285764,40471576.0
https://cs.stanford.edu/people/rak248/VG_100K/285765.jpg,639,1024,,285765,9486715195.0
https://cs.stanford.edu/people/rak248/VG_100K/285768.jpg,480,720,254096.0,285768,1474481603.0
https://cs.stanford.edu/people/rak248/VG_100K/285774.jpg,640,480,578570.0,285774,3155998575.0
https://cs.stanford.edu/people/rak248/VG_100K/285775.jpg,683,1024,,285775,5756648582.0
https://cs.stanford.edu/people/rak248/VG_100K/285776.jpg,768,1024,5453.0,285776,2305755863.0
https://cs.stanford.edu/people/rak248/VG_100K/285778.jpg,683,1024,,285778,8735436371.0
https://cs.stanford.edu/people/rak248/VG_100K/285779.jpg,1024,1024,,285779,4699740568.0
https://cs.stanford.edu/people/rak248/VG_100K/285780.jpg,683,1024,444028.0,285780,4513434705.0
https://cs.stanford.edu/people/rak248/VG_100K/285781.jpg,765,1024,531721.0,285781,8338930131.0
https://cs.stanford.edu/people/rak248/VG_100K/285782.jpg,631,1024,562291.0,285782,3196312539.0
https://cs.stanford.edu/people/rak248/VG_100K/285783.jpg,1024,768,,285783,3999521438.0
https://cs.stanford.edu/people/rak248/VG_100K/285784.jpg,680,1024,,285784,6117976473.0
https://cs.stanford.edu/people/rak248/VG_100K/285790.jpg,536,802,,285790,5694340831.0
https://cs.stanford.edu/people/rak248/VG_100K/285791.jpg,768,1024,,285791,7570456848.0
https://cs.stanford.edu/people/rak248/VG_100K/285792.jpg,768,1024,523718.0,285792,5702585862.0
https://cs.stanford.edu/people/rak248/VG_100K/285793.jpg,683,1024,,285793,9530557095.0
https://cs.stanford.edu/people/rak248/VG_100K/285796.jpg,768,1024,,285796,5406472568.0
https://cs.stanford.edu/people/rak248/VG_100K/285797.jpg,687,1024,,285797,6572618137.0
https://cs.stanford.edu/people/rak248/VG_100K/285798.jpg,853,1280,,285798,4150251905.0
https://cs.stanford.edu/people/rak248/VG_100K/285799.jpg,857,1280,344765.0,285799,3976112836.0
https://cs.stanford.edu/people/rak248/VG_100K/285800.jpg,694,1024,249668.0,285800,4992656841.0
https://cs.stanford.edu/people/rak248/VG_100K/285802.jpg,683,1024,,285802,6078707442.0
https://cs.stanford.edu/people/rak248/VG_100K/285803.jpg,683,1024,,285803,8232450077.0
https://cs.stanford.edu/people/rak248/VG_100K/285804.jpg,768,1024,202329.0,285804,5833440825.0
https://cs.stanford.edu/people/rak248/VG_100K/285805.jpg,768,1024,,285805,21080172.0
https://cs.stanford.edu/people/rak248/VG_100K/285806.jpg,1024,685,,285806,8260653998.0
https://cs.stanford.edu/people/rak248/VG_100K/285809.jpg,768,1024,527183.0,285809,4506438221.0
https://cs.stanford.edu/people/rak248/VG_100K/285813.jpg,575,1024,,285813,7187316984.0
https://cs.stanford.edu/people/rak248/VG_100K/285814.jpg,768,1024,374325.0,285814,3973218157.0
https://cs.stanford.edu/people/rak248/VG_100K/285815.jpg,768,1024,523560.0,285815,2620141196.0
https://cs.stanford.edu/people/rak248/VG_100K/285816.jpg,683,1024,,285816,7872056026.0
https://cs.stanford.edu/people/rak248/VG_100K/285826.jpg,786,1024,,285826,8172378707.0
https://cs.stanford.edu/people/rak248/VG_100K/285832.jpg,768,1024,36981.0,285832,6340351135.0
https://cs.stanford.edu/people/rak248/VG_100K/285833.jpg,677,1024,338021.0,285833,4912694644.0
https://cs.stanford.edu/people/rak248/VG_100K/285837.jpg,1024,768,,285837,7573709998.0
https://cs.stanford.edu/people/rak248/VG_100K/285838.jpg,558,477,340218.0,285838,4763814079.0
https://cs.stanford.edu/people/rak248/VG_100K/285839.jpg,683,1024,362117.0,285839,3711222369.0
https://cs.stanford.edu/people/rak248/VG_100K/285840.jpg,768,1024,246069.0,285840,319629473.0
https://cs.stanford.edu/people/rak248/VG_100K/285848.jpg,865,511,,285848,2555799571.0
https://cs.stanford.edu/people/rak248/VG_100K/285849.jpg,1024,827,234743.0,285849,9282375036.0
https://cs.stanford.edu/people/rak248/VG_100K/285850.jpg,768,1024,,285850,2527061648.0
https://cs.stanford.edu/people/rak248/VG_100K/285851.jpg,768,1024,517226.0,285851,10034499944.0
https://cs.stanford.edu/people/rak248/VG_100K/285852.jpg,544,1024,,285852,8622815607.0
https://cs.stanford.edu/people/rak248/VG_100K/285853.jpg,714,1024,,285853,9227953467.0
https://cs.stanford.edu/people/rak248/VG_100K/285854.jpg,1024,680,,285854,5012012351.0
https://cs.stanford.edu/people/rak248/VG_100K/285855.jpg,1024,731,82940.0,285855,6113956197.0
https://cs.stanford.edu/people/rak248/VG_100K/285857.jpg,1024,685,,285857,487242093.0
https://cs.stanford.edu/people/rak248/VG_100K/285858.jpg,768,1024,,285858,4992466550.0
https://cs.stanford.edu/people/rak248/VG_100K/285859.jpg,768,1024,139240.0,285859,815868363.0
https://cs.stanford.edu/people/rak248/VG_100K/285862.jpg,765,1024,318346.0,285862,6052638447.0
https://cs.stanford.edu/people/rak248/VG_100K/285863.jpg,1024,712,,285863,181336099.0
https://cs.stanford.edu/people/rak248/VG_100K/285864.jpg,1024,768,,285864,2976961387.0
https://cs.stanford.edu/people/rak248/VG_100K/285865.jpg,683,1024,,285865,5937324668.0
https://cs.stanford.edu/people/rak248/VG_100K/285866.jpg,768,1024,,285866,757264230.0
https://cs.stanford.edu/people/rak248/VG_100K/285867.jpg,683,1024,579419.0,285867,8438726923.0
https://cs.stanford.edu/people/rak248/VG_100K/285868.jpg,1024,1280,,285868,318779251.0
https://cs.stanford.edu/people/rak248/VG_100K/285885.jpg,1024,768,,285885,5114751201.0
https://cs.stanford.edu/people/rak248/VG_100K/285887.jpg,683,1024,510343.0,285887,8640475356.0
https://cs.stanford.edu/people/rak248/VG_100K/285888.jpg,637,1024,,285888,8410305282.0
https://cs.stanford.edu/people/rak248/VG_100K/285904.jpg,683,1024,62685.0,285904,7859898986.0
https://cs.stanford.edu/people/rak248/VG_100K/285905.jpg,768,1024,430428.0,285905,3741867933.0
https://cs.stanford.edu/people/rak248/VG_100K/285906.jpg,768,1024,,285906,4574314489.0
https://cs.stanford.edu/people/rak248/VG_100K/285907.jpg,678,1024,,285907,9434142535.0
https://cs.stanford.edu/people/rak248/VG_100K/285908.jpg,612,612,522330.0,285908,6798419748.0
https://cs.stanford.edu/people/rak248/VG_100K/285915.jpg,678,1024,,285915,7612697380.0
https://cs.stanford.edu/people/rak248/VG_100K/285916.jpg,1024,664,,285916,8012313778.0
https://cs.stanford.edu/people/rak248/VG_100K/285917.jpg,681,1024,531143.0,285917,5964114151.0
https://cs.stanford.edu/people/rak248/VG_100K/285918.jpg,768,1024,,285918,3219963856.0
https://cs.stanford.edu/people/rak248/VG_100K/285923.jpg,1024,768,377619.0,285923,5801252400.0
https://cs.stanford.edu/people/rak248/VG_100K/285924.jpg,641,480,,285924,9354201.0
https://cs.stanford.edu/people/rak248/VG_100K/285930.jpg,612,612,184184.0,285930,10164699545.0
https://cs.stanford.edu/people/rak248/VG_100K/285936.jpg,680,1024,176702.0,285936,9402420841.0
https://cs.stanford.edu/people/rak248/VG_100K/285937.jpg,1280,960,487904.0,285937,94889859.0
https://cs.stanford.edu/people/rak248/VG_100K/285941.jpg,768,1024,,285941,3633024802.0
https://cs.stanford.edu/people/rak248/VG_100K/285942.jpg,1024,731,210749.0,285942,5073960523.0
https://cs.stanford.edu/people/rak248/VG_100K/285946.jpg,768,1024,69486.0,285946,2307535945.0
https://cs.stanford.edu/people/rak248/VG_100K/285947.jpg,685,1024,,285947,8054281885.0
https://cs.stanford.edu/people/rak248/VG_100K/285948.jpg,768,1024,380279.0,285948,3694896409.0
https://cs.stanford.edu/people/rak248/VG_100K/285949.jpg,768,1024,108701.0,285949,9474210296.0
https://cs.stanford.edu/people/rak248/VG_100K/285954.jpg,1024,683,,285954,4607898043.0
https://cs.stanford.edu/people/rak248/VG_100K/285955.jpg,1024,768,532509.0,285955,2084710251.0
https://cs.stanford.edu/people/rak248/VG_100K/285956.jpg,288,432,,285956,166002209.0
https://cs.stanford.edu/people/rak248/VG_100K/285957.jpg,768,1024,355064.0,285957,274016401.0
https://cs.stanford.edu/people/rak248/VG_100K/285958.jpg,1024,683,,285958,697404480.0
https://cs.stanford.edu/people/rak248/VG_100K/285959.jpg,768,1024,372308.0,285959,3074822002.0
https://cs.stanford.edu/people/rak248/VG_100K/285962.jpg,680,1024,14726.0,285962,9692914683.0
https://cs.stanford.edu/people/rak248/VG_100K/285963.jpg,1024,819,,285963,2215238167.0
https://cs.stanford.edu/people/rak248/VG_100K/285964.jpg,623,1024,,285964,9738925753.0
https://cs.stanford.edu/people/rak248/VG_100K/285965.jpg,667,1000,,285965,4625274192.0
https://cs.stanford.edu/people/rak248/VG_100K/285966.jpg,750,1024,,285966,4268681866.0
https://cs.stanford.edu/people/rak248/VG_100K/285967.jpg,631,1024,,285967,6113252667.0
https://cs.stanford.edu/people/rak248/VG_100K/285968.jpg,800,505,238768.0,285968,5139523512.0
https://cs.stanford.edu/people/rak248/VG_100K/285972.jpg,683,1024,,285972,8028290321.0
https://cs.stanford.edu/people/rak248/VG_100K/285973.jpg,768,1024,,285973,2211776283.0
https://cs.stanford.edu/people/rak248/VG_100K/285984.jpg,684,899,420490.0,285984,2270063445.0
https://cs.stanford.edu/people/rak248/VG_100K/285998.jpg,685,1024,,285998,7100929885.0
https://cs.stanford.edu/people/rak248/VG_100K/286000.jpg,683,1024,,286000,9299503837.0
https://cs.stanford.edu/people/rak248/VG_100K/286001.jpg,768,1024,260748.0,286001,6904362493.0
https://cs.stanford.edu/people/rak248/VG_100K/286002.jpg,768,1024,8005.0,286002,7521932478.0
https://cs.stanford.edu/people/rak248/VG_100K/286003.jpg,1024,682,,286003,3939743203.0
https://cs.stanford.edu/people/rak248/VG_100K/286006.jpg,691,1024,,286006,5209477280.0
https://cs.stanford.edu/people/rak248/VG_100K/286007.jpg,960,1280,316993.0,286007,45627517.0
https://cs.stanford.edu/people/rak248/VG_100K/286010.jpg,768,1024,131743.0,286010,1414009406.0
https://cs.stanford.edu/people/rak248/VG_100K/286012.jpg,768,1024,,286012,4511353949.0
https://cs.stanford.edu/people/rak248/VG_100K/286013.jpg,683,1024,383893.0,286013,4159805508.0
https://cs.stanford.edu/people/rak248/VG_100K/286014.jpg,683,1024,,286014,6536341379.0
https://cs.stanford.edu/people/rak248/VG_100K/286016.jpg,768,576,,286016,276568715.0
https://cs.stanford.edu/people/rak248/VG_100K/286017.jpg,532,1024,137822.0,286017,8758204121.0
https://cs.stanford.edu/people/rak248/VG_100K/286018.jpg,1024,683,230516.0,286018,4357208606.0
https://cs.stanford.edu/people/rak248/VG_100K/286021.jpg,480,640,,286021,353214581.0
https://cs.stanford.edu/people/rak248/VG_100K/286022.jpg,694,1024,,286022,5520058913.0
https://cs.stanford.edu/people/rak248/VG_100K/286024.jpg,683,1024,,286024,8560892565.0
https://cs.stanford.edu/people/rak248/VG_100K/286025.jpg,686,1024,,286025,3299057894.0
https://cs.stanford.edu/people/rak248/VG_100K/286035.jpg,773,1024,,286035,8941617460.0
https://cs.stanford.edu/people/rak248/VG_100K/286036.jpg,768,1024,,286036,4408933119.0
https://cs.stanford.edu/people/rak248/VG_100K/286037.jpg,612,612,112040.0,286037,8569254815.0
https://cs.stanford.edu/people/rak248/VG_100K/286039.jpg,1024,768,,286039,122328047.0
https://cs.stanford.edu/people/rak248/VG_100K/286040.jpg,1024,768,333201.0,286040,215142759.0
https://cs.stanford.edu/people/rak248/VG_100K/286041.jpg,683,1024,,286041,4347436774.0
https://cs.stanford.edu/people/rak248/VG_100K/286046.jpg,768,1024,,286046,9428072257.0
https://cs.stanford.edu/people/rak248/VG_100K/286047.jpg,683,1024,505477.0,286047,2055998440.0
https://cs.stanford.edu/people/rak248/VG_100K/286055.jpg,768,1024,,286055,5652913715.0
https://cs.stanford.edu/people/rak248/VG_100K/286056.jpg,686,1024,555065.0,286056,3299057590.0
https://cs.stanford.edu/people/rak248/VG_100K/286057.jpg,1024,735,35351.0,286057,2647081153.0
https://cs.stanford.edu/people/rak248/VG_100K/286059.jpg,642,1024,474039.0,286059,8276071694.0
https://cs.stanford.edu/people/rak248/VG_100K/286060.jpg,731,1024,,286060,4422048366.0
https://cs.stanford.edu/people/rak248/VG_100K/286062.jpg,681,1024,514826.0,286062,6179115649.0
https://cs.stanford.edu/people/rak248/VG_100K/286063.jpg,768,1024,36606.0,286063,211294122.0
https://cs.stanford.edu/people/rak248/VG_100K/286064.jpg,768,1024,,286064,7447290764.0
https://cs.stanford.edu/people/rak248/VG_100K/286065.jpg,768,1024,322194.0,286065,6935389590.0
https://cs.stanford.edu/people/rak248/VG_100K/286069.jpg,685,1024,231426.0,286069,3691306567.0
https://cs.stanford.edu/people/rak248/VG_100K/286071.jpg,1024,768,222107.0,286071,2733628748.0
https://cs.stanford.edu/people/rak248/VG_100K/286072.jpg,768,1024,,286072,6565283361.0
https://cs.stanford.edu/people/rak248/VG_100K/286075.jpg,1218,945,,286075,3881283397.0
https://cs.stanford.edu/people/rak248/VG_100K/286076.jpg,1024,681,157029.0,286076,4684579529.0
https://cs.stanford.edu/people/rak248/VG_100K/286077.jpg,1024,768,262213.0,286077,3038881450.0
https://cs.stanford.edu/people/rak248/VG_100K/286079.jpg,853,1024,,286079,6105556802.0
https://cs.stanford.edu/people/rak248/VG_100K/286080.jpg,768,1024,143359.0,286080,2412772934.0
https://cs.stanford.edu/people/rak248/VG_100K/286082.jpg,786,1000,318184.0,286082,9602004447.0
https://cs.stanford.edu/people/rak248/VG_100K/286083.jpg,683,1024,216825.0,286083,5174398868.0
https://cs.stanford.edu/people/rak248/VG_100K/286084.jpg,660,1024,236000.0,286084,4371713365.0
https://cs.stanford.edu/people/rak248/VG_100K/286085.jpg,683,1024,163292.0,286085,7836928212.0
https://cs.stanford.edu/people/rak248/VG_100K/286086.jpg,768,1024,,286086,9321840072.0
https://cs.stanford.edu/people/rak248/VG_100K/286087.jpg,687,1024,568846.0,286087,2198917602.0
https://cs.stanford.edu/people/rak248/VG_100K/286088.jpg,768,1024,,286088,5480921368.0
https://cs.stanford.edu/people/rak248/VG_100K/286089.jpg,767,1024,213687.0,286089,7168869419.0
https://cs.stanford.edu/people/rak248/VG_100K/286090.jpg,846,1024,,286090,6778132399.0
https://cs.stanford.edu/people/rak248/VG_100K/286091.jpg,768,1024,552791.0,286091,8627705911.0
https://cs.stanford.edu/people/rak248/VG_100K/286092.jpg,683,1024,,286092,7828813950.0
https://cs.stanford.edu/people/rak248/VG_100K/286093.jpg,768,1024,,286093,5150867807.0
https://cs.stanford.edu/people/rak248/VG_100K/286099.jpg,480,640,421902.0,286099,3808366071.0
https://cs.stanford.edu/people/rak248/VG_100K/497913.jpg,755,1024,,497913,5913927583.0
https://cs.stanford.edu/people/rak248/VG_100K/497914.jpg,680,1024,,497914,7017097427.0
https://cs.stanford.edu/people/rak248/VG_100K/497916.jpg,681,1024,301453.0,497916,7503712440.0
https://cs.stanford.edu/people/rak248/VG_100K/497917.jpg,768,1024,279775.0,497917,2136747174.0
https://cs.stanford.edu/people/rak248/VG_100K/497918.jpg,480,640,132908.0,497918,4392556686.0
https://cs.stanford.edu/people/rak248/VG_100K/497919.jpg,768,1024,147058.0,497919,8550739913.0
https://cs.stanford.edu/people/rak248/VG_100K/497920.jpg,536,716,,497920,4809450709.0
https://cs.stanford.edu/people/rak248/VG_100K/497921.jpg,685,1024,,497921,1678285957.0
https://cs.stanford.edu/people/rak248/VG_100K/497927.jpg,960,1280,472080.0,497927,68121583.0
https://cs.stanford.edu/people/rak248/VG_100K/497928.jpg,1024,576,90782.0,497928,3942215027.0
https://cs.stanford.edu/people/rak248/VG_100K/497929.jpg,683,1024,,497929,8652563471.0
https://cs.stanford.edu/people/rak248/VG_100K/497932.jpg,683,1024,,497932,9535038973.0
https://cs.stanford.edu/people/rak248/VG_100K/497941.jpg,612,612,,497941,6313861631.0
https://cs.stanford.edu/people/rak248/VG_100K/497947.jpg,686,1000,107853.0,497947,5314732660.0
https://cs.stanford.edu/people/rak248/VG_100K/497956.jpg,688,1024,100686.0,497956,5415086082.0
https://cs.stanford.edu/people/rak248/VG_100K/497957.jpg,683,1024,99518.0,497957,8463333311.0
https://cs.stanford.edu/people/rak248/VG_100K/497959.jpg,682,1024,,497959,5762100665.0
https://cs.stanford.edu/people/rak248/VG_100K/497966.jpg,768,1024,,497966,7177304313.0
https://cs.stanford.edu/people/rak248/VG_100K/497970.jpg,681,1024,,497970,6888806901.0
https://cs.stanford.edu/people/rak248/VG_100K/497971.jpg,1024,768,483484.0,497971,3456141660.0
https://cs.stanford.edu/people/rak248/VG_100K/497972.jpg,768,1024,39811.0,497972,8737444817.0
https://cs.stanford.edu/people/rak248/VG_100K/497973.jpg,768,1024,,497973,3935351389.0
https://cs.stanford.edu/people/rak248/VG_100K/497974.jpg,768,1024,262937.0,497974,2178951345.0
https://cs.stanford.edu/people/rak248/VG_100K/497975.jpg,685,1024,,497975,7092897237.0
https://cs.stanford.edu/people/rak248/VG_100K/497976.jpg,804,1024,,497976,9629128215.0
https://cs.stanford.edu/people/rak248/VG_100K/497977.jpg,768,1024,,497977,7764151220.0
https://cs.stanford.edu/people/rak248/VG_100K/497979.jpg,683,1024,515457.0,497979,55882023.0
https://cs.stanford.edu/people/rak248/VG_100K/497983.jpg,680,1024,,497983,3914049811.0
https://cs.stanford.edu/people/rak248/VG_100K/497984.jpg,1024,681,,497984,6374967207.0
https://cs.stanford.edu/people/rak248/VG_100K/497987.jpg,678,1024,,497987,9220444555.0
https://cs.stanford.edu/people/rak248/VG_100K/497996.jpg,1024,680,,497996,7749688588.0
https://cs.stanford.edu/people/rak248/VG_100K/497997.jpg,680,1024,,497997,6916916127.0
https://cs.stanford.edu/people/rak248/VG_100K/498003.jpg,683,1024,,498003,5568917201.0
https://cs.stanford.edu/people/rak248/VG_100K/498004.jpg,768,1024,,498004,5494281021.0
https://cs.stanford.edu/people/rak248/VG_100K/498005.jpg,683,1024,,498005,9305422857.0
https://cs.stanford.edu/people/rak248/VG_100K/498007.jpg,768,1024,333150.0,498007,6402669217.0
https://cs.stanford.edu/people/rak248/VG_100K/498008.jpg,470,1024,550287.0,498008,6855151996.0
https://cs.stanford.edu/people/rak248/VG_100K/498009.jpg,726,1024,307784.0,498009,3024913849.0
https://cs.stanford.edu/people/rak248/VG_100K/498010.jpg,768,1024,397664.0,498010,3643037085.0
https://cs.stanford.edu/people/rak248/VG_100K/498011.jpg,960,1280,,498011,534826000.0
https://cs.stanford.edu/people/rak248/VG_100K/498012.jpg,768,1024,,498012,9349186456.0
https://cs.stanford.edu/people/rak248/VG_100K/498013.jpg,683,1024,180357.0,498013,6741036587.0
https://cs.stanford.edu/people/rak248/VG_100K/498014.jpg,1024,768,64339.0,498014,290584551.0
https://cs.stanford.edu/people/rak248/VG_100K/498015.jpg,612,612,159465.0,498015,8322721463.0
https://cs.stanford.edu/people/rak248/VG_100K/498016.jpg,960,1280,,498016,17258100.0
https://cs.stanford.edu/people/rak248/VG_100K/498017.jpg,683,1024,534189.0,498017,9728791263.0
https://cs.stanford.edu/people/rak248/VG_100K/498018.jpg,837,1024,175669.0,498018,3794327665.0
https://cs.stanford.edu/people/rak248/VG_100K/498019.jpg,900,1200,,498019,383936660.0
https://cs.stanford.edu/people/rak248/VG_100K/498020.jpg,1024,683,360189.0,498020,8676973928.0
https://cs.stanford.edu/people/rak248/VG_100K/498021.jpg,683,1024,145422.0,498021,5505667091.0
https://cs.stanford.edu/people/rak248/VG_100K/498024.jpg,768,1024,316777.0,498024,3219144298.0
https://cs.stanford.edu/people/rak248/VG_100K/498025.jpg,768,1024,223216.0,498025,3503534063.0
https://cs.stanford.edu/people/rak248/VG_100K/498026.jpg,550,361,569037.0,498026,2831772480.0
https://cs.stanford.edu/people/rak248/VG_100K/498027.jpg,600,402,311240.0,498027,2347297994.0
https://cs.stanford.edu/people/rak248/VG_100K/498028.jpg,600,900,,498028,3089798484.0
https://cs.stanford.edu/people/rak248/VG_100K/498029.jpg,683,1024,441598.0,498029,5450713291.0
https://cs.stanford.edu/people/rak248/VG_100K/498030.jpg,686,1024,490705.0,498030,8197613732.0
https://cs.stanford.edu/people/rak248/VG_100K/498031.jpg,681,1024,,498031,8139599631.0
https://cs.stanford.edu/people/rak248/VG_100K/498032.jpg,768,1024,298242.0,498032,374467361.0
https://cs.stanford.edu/people/rak248/VG_100K/498035.jpg,680,1024,406205.0,498035,5238737536.0
https://cs.stanford.edu/people/rak248/VG_100K/498037.jpg,664,1000,574211.0,498037,7517053772.0
https://cs.stanford.edu/people/rak248/VG_100K/498042.jpg,768,1024,523492.0,498042,8428255219.0
https://cs.stanford.edu/people/rak248/VG_100K/498043.jpg,768,1024,,498043,6006488466.0
https://cs.stanford.edu/people/rak248/VG_100K/498046.jpg,681,1024,,498046,3359372874.0
https://cs.stanford.edu/people/rak248/VG_100K/498048.jpg,683,1024,237308.0,498048,8640467108.0
https://cs.stanford.edu/people/rak248/VG_100K/498049.jpg,600,800,,498049,467226200.0
https://cs.stanford.edu/people/rak248/VG_100K/498051.jpg,1024,768,,498051,125766104.0
https://cs.stanford.edu/people/rak248/VG_100K/498052.jpg,1024,768,,498052,4280965360.0
https://cs.stanford.edu/people/rak248/VG_100K/498053.jpg,612,612,,498053,8525926270.0
https://cs.stanford.edu/people/rak248/VG_100K/498054.jpg,400,600,,498054,4261013291.0
https://cs.stanford.edu/people/rak248/VG_100K/498055.jpg,682,1024,,498055,8751763159.0
https://cs.stanford.edu/people/rak248/VG_100K/498056.jpg,683,1024,,498056,9604123061.0
https://cs.stanford.edu/people/rak248/VG_100K/498057.jpg,1024,682,,498057,7417695040.0
https://cs.stanford.edu/people/rak248/VG_100K/498060.jpg,768,1024,,498060,4711926923.0
https://cs.stanford.edu/people/rak248/VG_100K/498061.jpg,676,1024,457453.0,498061,5111202797.0
https://cs.stanford.edu/people/rak248/VG_100K/498062.jpg,685,1024,220137.0,498062,2343301441.0
https://cs.stanford.edu/people/rak248/VG_100K/498063.jpg,768,1024,318533.0,498063,3072825572.0
https://cs.stanford.edu/people/rak248/VG_100K/498065.jpg,677,1024,329799.0,498065,156364891.0
https://cs.stanford.edu/people/rak248/VG_100K/498070.jpg,1024,684,,498070,4827373847.0
https://cs.stanford.edu/people/rak248/VG_100K/498071.jpg,768,1024,183620.0,498071,8508744.0
https://cs.stanford.edu/people/rak248/VG_100K/498072.jpg,678,1024,539719.0,498072,7365866590.0
https://cs.stanford.edu/people/rak248/VG_100K/498074.jpg,758,1024,299492.0,498074,8453972903.0
https://cs.stanford.edu/people/rak248/VG_100K/498075.jpg,768,1024,,498075,2964317312.0
https://cs.stanford.edu/people/rak248/VG_100K/498077.jpg,448,640,444214.0,498077,5713440584.0
https://cs.stanford.edu/people/rak248/VG_100K/498078.jpg,681,1024,,498078,8727233676.0
https://cs.stanford.edu/people/rak248/VG_100K/498079.jpg,768,1024,463175.0,498079,9045466497.0
https://cs.stanford.edu/people/rak248/VG_100K/498082.jpg,1024,768,536795.0,498082,8632449289.0
https://cs.stanford.edu/people/rak248/VG_100K/498083.jpg,681,1024,,498083,5048236635.0
https://cs.stanford.edu/people/rak248/VG_100K/498087.jpg,1024,732,,498087,3105642013.0
https://cs.stanford.edu/people/rak248/VG_100K/498088.jpg,685,1024,298547.0,498088,6092909380.0
https://cs.stanford.edu/people/rak248/VG_100K/498097.jpg,683,1024,578740.0,498097,7782707480.0
https://cs.stanford.edu/people/rak248/VG_100K/498102.jpg,1024,768,,498102,362092723.0
https://cs.stanford.edu/people/rak248/VG_100K/498103.jpg,1024,768,,498103,2219873021.0
https://cs.stanford.edu/people/rak248/VG_100K/498107.jpg,682,1024,336961.0,498107,8584217617.0
https://cs.stanford.edu/people/rak248/VG_100K/498114.jpg,512,1024,196804.0,498114,5274899862.0
https://cs.stanford.edu/people/rak248/VG_100K/498115.jpg,768,1024,222842.0,498115,9365439487.0
https://cs.stanford.edu/people/rak248/VG_100K/498117.jpg,1280,960,234607.0,498117,559863781.0
https://cs.stanford.edu/people/rak248/VG_100K/498118.jpg,680,1024,,498118,8408506005.0
https://cs.stanford.edu/people/rak248/VG_100K/498119.jpg,1280,960,324513.0,498119,3894766324.0
https://cs.stanford.edu/people/rak248/VG_100K/498123.jpg,685,1024,,498123,2584607859.0
https://cs.stanford.edu/people/rak248/VG_100K/498125.jpg,768,1024,,498125,129171351.0
https://cs.stanford.edu/people/rak248/VG_100K/498126.jpg,1024,768,47559.0,498126,5202666001.0
https://cs.stanford.edu/people/rak248/VG_100K/498132.jpg,768,1024,340922.0,498132,6226875883.0
https://cs.stanford.edu/people/rak248/VG_100K/498133.jpg,1024,765,286182.0,498133,8486923405.0
https://cs.stanford.edu/people/rak248/VG_100K/498134.jpg,853,1280,332585.0,498134,4062790693.0
https://cs.stanford.edu/people/rak248/VG_100K/498136.jpg,765,1024,,498136,6969460448.0
https://cs.stanford.edu/people/rak248/VG_100K/498144.jpg,576,1024,565805.0,498144,8349722056.0
https://cs.stanford.edu/people/rak248/VG_100K/498145.jpg,768,1024,523871.0,498145,1345566646.0
https://cs.stanford.edu/people/rak248/VG_100K/498147.jpg,683,1024,447524.0,498147,8667018354.0
https://cs.stanford.edu/people/rak248/VG_100K/498148.jpg,931,1024,,498148,3549815833.0
https://cs.stanford.edu/people/rak248/VG_100K/498158.jpg,612,612,392170.0,498158,8290686143.0
https://cs.stanford.edu/people/rak248/VG_100K/498159.jpg,857,1280,572565.0,498159,827372287.0
https://cs.stanford.edu/people/rak248/VG_100K/498160.jpg,768,1024,,498160,1356955735.0
https://cs.stanford.edu/people/rak248/VG_100K/498164.jpg,768,1024,,498164,112023189.0
https://cs.stanford.edu/people/rak248/VG_100K/498168.jpg,765,1024,,498168,9407860848.0
https://cs.stanford.edu/people/rak248/VG_100K/498169.jpg,768,1024,,498169,3419158281.0
https://cs.stanford.edu/people/rak248/VG_100K/498173.jpg,400,300,,498173,3505702201.0
https://cs.stanford.edu/people/rak248/VG_100K/498174.jpg,1024,681,,498174,55226871.0
https://cs.stanford.edu/people/rak248/VG_100K/498175.jpg,768,1024,238928.0,498175,9500091577.0
https://cs.stanford.edu/people/rak248/VG_100K/498176.jpg,685,1024,,498176,3576254603.0
https://cs.stanford.edu/people/rak248/VG_100K/498177.jpg,958,1024,568587.0,498177,5592463982.0
https://cs.stanford.edu/people/rak248/VG_100K/498180.jpg,683,1024,411844.0,498180,5284263545.0
https://cs.stanford.edu/people/rak248/VG_100K/498181.jpg,733,1024,,498181,9209030081.0
https://cs.stanford.edu/people/rak248/VG_100K/498182.jpg,726,1024,59947.0,498182,434396827.0
https://cs.stanford.edu/people/rak248/VG_100K/498183.jpg,660,1000,,498183,5663152990.0
https://cs.stanford.edu/people/rak248/VG_100K/498187.jpg,768,1024,,498187,406487012.0
https://cs.stanford.edu/people/rak248/VG_100K/498191.jpg,768,1024,,498191,177941036.0
https://cs.stanford.edu/people/rak248/VG_100K/498192.jpg,769,1024,157920.0,498192,246934041.0
https://cs.stanford.edu/people/rak248/VG_100K/498197.jpg,768,1024,30947.0,498197,6624050.0
https://cs.stanford.edu/people/rak248/VG_100K/498198.jpg,768,1024,359220.0,498198,4515798380.0
https://cs.stanford.edu/people/rak248/VG_100K/498199.jpg,996,1024,282730.0,498199,7587454844.0
https://cs.stanford.edu/people/rak248/VG_100K/498200.jpg,1024,667,,498200,8694884088.0
https://cs.stanford.edu/people/rak248/VG_100K/498202.jpg,531,800,561856.0,498202,103654841.0
https://cs.stanford.edu/people/rak248/VG_100K/498204.jpg,768,1024,,498204,3023850579.0
https://cs.stanford.edu/people/rak248/VG_100K/498205.jpg,960,1280,,498205,698932855.0
https://cs.stanford.edu/people/rak248/VG_100K/498208.jpg,678,1024,,498208,7938623034.0
https://cs.stanford.edu/people/rak248/VG_100K/498209.jpg,683,1024,,498209,8151839977.0
https://cs.stanford.edu/people/rak248/VG_100K/498210.jpg,664,1000,569347.0,498210,7690468734.0
https://cs.stanford.edu/people/rak248/VG_100K/498212.jpg,680,1024,,498212,4574420144.0
https://cs.stanford.edu/people/rak248/VG_100K/498213.jpg,768,1024,359396.0,498213,2721408051.0
https://cs.stanford.edu/people/rak248/VG_100K/498214.jpg,684,1024,,498214,4820311395.0
https://cs.stanford.edu/people/rak248/VG_100K/498215.jpg,768,1024,576262.0,498215,506297594.0
https://cs.stanford.edu/people/rak248/VG_100K/498219.jpg,768,1024,56187.0,498219,4302760385.0
https://cs.stanford.edu/people/rak248/VG_100K/498220.jpg,1024,768,,498220,5344500669.0
https://cs.stanford.edu/people/rak248/VG_100K/498221.jpg,768,1024,297387.0,498221,6000568061.0
https://cs.stanford.edu/people/rak248/VG_100K/498222.jpg,768,1024,,498222,3343466938.0
https://cs.stanford.edu/people/rak248/VG_100K/498223.jpg,960,1280,575649.0,498223,1906040249.0
https://cs.stanford.edu/people/rak248/VG_100K/498224.jpg,768,1024,151742.0,498224,4096329293.0
https://cs.stanford.edu/people/rak248/VG_100K/498225.jpg,768,1024,,498225,2284438353.0
https://cs.stanford.edu/people/rak248/VG_100K/498234.jpg,614,1024,,498234,8870563447.0
https://cs.stanford.edu/people/rak248/VG_100K/498238.jpg,660,1024,,498238,7659882108.0
https://cs.stanford.edu/people/rak248/VG_100K/498246.jpg,768,1024,,498246,8091407057.0
https://cs.stanford.edu/people/rak248/VG_100K/498250.jpg,768,1024,,498250,8493333985.0
https://cs.stanford.edu/people/rak248/VG_100K/498253.jpg,768,1024,396611.0,498253,2184811526.0
https://cs.stanford.edu/people/rak248/VG_100K/498254.jpg,720,1024,,498254,2217238040.0
https://cs.stanford.edu/people/rak248/VG_100K/498259.jpg,768,1024,,498259,419257454.0
https://cs.stanford.edu/people/rak248/VG_100K/498263.jpg,768,1024,559440.0,498263,5816070088.0
https://cs.stanford.edu/people/rak248/VG_100K/498264.jpg,686,1024,,498264,2602285885.0
https://cs.stanford.edu/people/rak248/VG_100K/498265.jpg,427,640,81768.0,498265,2509623843.0
https://cs.stanford.edu/people/rak248/VG_100K/498266.jpg,683,1024,,498266,7561481848.0
https://cs.stanford.edu/people/rak248/VG_100K/498267.jpg,683,1024,522146.0,498267,9421963813.0
https://cs.stanford.edu/people/rak248/VG_100K/498269.jpg,768,1024,214871.0,498269,4063631836.0
https://cs.stanford.edu/people/rak248/VG_100K/498270.jpg,568,963,,498270,3854843142.0
https://cs.stanford.edu/people/rak248/VG_100K/498271.jpg,1024,768,183236.0,498271,2580978375.0
https://cs.stanford.edu/people/rak248/VG_100K/498273.jpg,1024,768,110313.0,498273,5124326793.0
https://cs.stanford.edu/people/rak248/VG_100K/498274.jpg,765,1024,244815.0,498274,6922579202.0
https://cs.stanford.edu/people/rak248/VG_100K/498275.jpg,680,1024,272095.0,498275,7094772983.0
https://cs.stanford.edu/people/rak248/VG_100K/498276.jpg,821,1024,,498276,8501415948.0
https://cs.stanford.edu/people/rak248/VG_100K/498282.jpg,683,1024,347306.0,498282,8723844204.0
https://cs.stanford.edu/people/rak248/VG_100K/498283.jpg,765,1024,,498283,5647764892.0
https://cs.stanford.edu/people/rak248/VG_100K/498284.jpg,683,1024,,498284,432289066.0
https://cs.stanford.edu/people/rak248/VG_100K/498287.jpg,1024,681,,498287,89612007.0
https://cs.stanford.edu/people/rak248/VG_100K/498288.jpg,683,1024,176730.0,498288,6023000793.0
https://cs.stanford.edu/people/rak248/VG_100K/498289.jpg,682,1024,,498289,8722992692.0
https://cs.stanford.edu/people/rak248/VG_100K/498290.jpg,768,1024,,498290,9181127091.0
https://cs.stanford.edu/people/rak248/VG_100K/498292.jpg,656,984,,498292,9239640469.0
https://cs.stanford.edu/people/rak248/VG_100K/498297.jpg,1024,681,,498297,2951536275.0
https://cs.stanford.edu/people/rak248/VG_100K/498298.jpg,679,1024,,498298,2394762096.0
https://cs.stanford.edu/people/rak248/VG_100K/498303.jpg,732,1024,,498303,4813907028.0
https://cs.stanford.edu/people/rak248/VG_100K/498304.jpg,768,1024,364939.0,498304,9544233945.0
https://cs.stanford.edu/people/rak248/VG_100K/498305.jpg,1024,673,23718.0,498305,5891538354.0
https://cs.stanford.edu/people/rak248/VG_100K/498306.jpg,681,1024,453008.0,498306,5418301101.0
https://cs.stanford.edu/people/rak248/VG_100K/498307.jpg,334,1024,,498307,8070118583.0
https://cs.stanford.edu/people/rak248/VG_100K/498308.jpg,1024,768,,498308,4162697083.0
https://cs.stanford.edu/people/rak248/VG_100K/498309.jpg,680,1024,109908.0,498309,5543660707.0
https://cs.stanford.edu/people/rak248/VG_100K/498321.jpg,681,1024,560396.0,498321,3951039227.0
https://cs.stanford.edu/people/rak248/VG_100K/498324.jpg,576,1024,,498324,6942184666.0
https://cs.stanford.edu/people/rak248/VG_100K/498331.jpg,768,1024,,498331,9285918909.0
https://cs.stanford.edu/people/rak248/VG_100K/498333.jpg,768,1024,125263.0,498333,403776782.0
https://cs.stanford.edu/people/rak248/VG_100K/498334.jpg,768,1024,,498334,5138605941.0
https://cs.stanford.edu/people/rak248/VG_100K/498337.jpg,276,467,460628.0,498337,2794275768.0
https://cs.stanford.edu/people/rak248/VG_100K/498339.jpg,768,1024,561643.0,498339,9449145978.0
https://cs.stanford.edu/people/rak248/VG_100K/498341.jpg,1024,767,89078.0,498341,8353842968.0
https://cs.stanford.edu/people/rak248/VG_100K/498343.jpg,768,1024,,498343,4635553283.0
https://cs.stanford.edu/people/rak248/VG_100K/498344.jpg,768,1024,461183.0,498344,4100530912.0
https://cs.stanford.edu/people/rak248/VG_100K/498345.jpg,685,1024,,498345,3105228315.0
https://cs.stanford.edu/people/rak248/VG_100K/498346.jpg,678,1024,559055.0,498346,8862358875.0
https://cs.stanford.edu/people/rak248/VG_100K/498347.jpg,684,1024,262197.0,498347,739335222.0
https://cs.stanford.edu/people/rak248/VG_100K/498348.jpg,1024,768,265378.0,498348,7748672286.0
https://cs.stanford.edu/people/rak248/VG_100K/498349.jpg,768,1024,,498349,8522984765.0
https://cs.stanford.edu/people/rak248/VG_100K/498350.jpg,1024,765,,498350,6879272874.0
https://cs.stanford.edu/people/rak248/VG_100K/498351.jpg,768,1024,557346.0,498351,135520683.0
https://cs.stanford.edu/people/rak248/VG_100K/498358.jpg,767,1024,,498358,7143450153.0
https://cs.stanford.edu/people/rak248/VG_100K/498360.jpg,534,800,372511.0,498360,7071657405.0
https://cs.stanford.edu/people/rak248/VG_100K/498361.jpg,768,1024,136736.0,498361,9048907015.0
https://cs.stanford.edu/people/rak248/VG_100K/498362.jpg,768,1024,465862.0,498362,4542402484.0
https://cs.stanford.edu/people/rak248/VG_100K/498363.jpg,683,1024,275409.0,498363,7343744772.0
https://cs.stanford.edu/people/rak248/VG_100K/498371.jpg,768,1024,,498371,7280950042.0
https://cs.stanford.edu/people/rak248/VG_100K/498372.jpg,768,1024,1355.0,498372,9590214137.0
https://cs.stanford.edu/people/rak248/VG_100K/498373.jpg,683,1024,,498373,8428516115.0
https://cs.stanford.edu/people/rak248/VG_100K/498374.jpg,1024,683,,498374,4021441815.0
https://cs.stanford.edu/people/rak248/VG_100K/498375.jpg,558,1024,558444.0,498375,8637598576.0
https://cs.stanford.edu/people/rak248/VG_100K/498376.jpg,543,1024,,498376,6708771325.0
https://cs.stanford.edu/people/rak248/VG_100K/498379.jpg,768,1024,206444.0,498379,9537653771.0
https://cs.stanford.edu/people/rak248/VG_100K/498380.jpg,680,1024,,498380,8116722351.0
https://cs.stanford.edu/people/rak248/VG_100K/498381.jpg,1024,679,99548.0,498381,8738943244.0
https://cs.stanford.edu/people/rak248/VG_100K/498382.jpg,684,1024,,498382,321705715.0
https://cs.stanford.edu/people/rak248/VG_100K/498397.jpg,680,1024,,498397,3648786020.0
https://cs.stanford.edu/people/rak248/VG_100K/498398.jpg,768,1024,168349.0,498398,2803098792.0
https://cs.stanford.edu/people/rak248/VG_100K/498399.jpg,683,1024,47735.0,498399,5616987281.0
https://cs.stanford.edu/people/rak248/VG_100K/498401.jpg,336,448,,498401,1434270246.0
https://cs.stanford.edu/people/rak248/VG_100K/498402.jpg,1024,768,,498402,9351983304.0
https://cs.stanford.edu/people/rak248/VG_100K/498403.jpg,768,1024,342515.0,498403,6195197990.0
https://cs.stanford.edu/people/rak248/VG_100K/498404.jpg,612,612,,498404,9692252030.0
https://cs.stanford.edu/people/rak248/VG_100K/498405.jpg,768,1024,449847.0,498405,6179165981.0
https://cs.stanford.edu/people/rak248/VG_100K/498407.jpg,746,1024,,498407,12233612.0
https://cs.stanford.edu/people/rak248/VG_100K/498408.jpg,768,1024,366576.0,498408,7994090198.0
https://cs.stanford.edu/people/rak248/VG_100K/498410.jpg,683,1024,,498410,4219398252.0
https://cs.stanford.edu/people/rak248/VG_100K/712949.jpg,768,1024,,712949,5086731538.0
https://cs.stanford.edu/people/rak248/VG_100K/712953.jpg,680,1024,15486.0,712953,3101150612.0
https://cs.stanford.edu/people/rak248/VG_100K/712954.jpg,768,1024,,712954,3756804686.0
https://cs.stanford.edu/people/rak248/VG_100K/712955.jpg,555,1024,,712955,9010812893.0
https://cs.stanford.edu/people/rak248/VG_100K/712959.jpg,917,1024,,712959,54717484.0
https://cs.stanford.edu/people/rak248/VG_100K/712963.jpg,672,1024,31650.0,712963,2537791844.0
https://cs.stanford.edu/people/rak248/VG_100K/712964.jpg,683,1024,492471.0,712964,9520132366.0
https://cs.stanford.edu/people/rak248/VG_100K/712965.jpg,680,1024,150091.0,712965,9449747294.0
https://cs.stanford.edu/people/rak248/VG_100K/712966.jpg,680,1024,63602.0,712966,4294796626.0
https://cs.stanford.edu/people/rak248/VG_100K/712967.jpg,768,1024,,712967,9942159516.0
https://cs.stanford.edu/people/rak248/VG_100K/712972.jpg,1024,683,417980.0,712972,6947209003.0
https://cs.stanford.edu/people/rak248/VG_100K/712974.jpg,576,1024,,712974,6836771089.0
https://cs.stanford.edu/people/rak248/VG_100K/712975.jpg,651,1008,505080.0,712975,7203047620.0
https://cs.stanford.edu/people/rak248/VG_100K/712976.jpg,784,1024,,712976,6420965813.0
https://cs.stanford.edu/people/rak248/VG_100K/712978.jpg,612,612,,712978,8251364738.0
https://cs.stanford.edu/people/rak248/VG_100K/712979.jpg,600,800,,712979,19558736.0
https://cs.stanford.edu/people/rak248/VG_100K/712981.jpg,480,640,405249.0,712981,2912775576.0
https://cs.stanford.edu/people/rak248/VG_100K/712982.jpg,589,1024,,712982,9847882436.0
https://cs.stanford.edu/people/rak248/VG_100K/712983.jpg,768,1024,,712983,8705677339.0
https://cs.stanford.edu/people/rak248/VG_100K/712986.jpg,1024,769,,712986,8254453084.0
https://cs.stanford.edu/people/rak248/VG_100K/712987.jpg,600,800,,712987,4765605471.0
https://cs.stanford.edu/people/rak248/VG_100K/712989.jpg,1024,768,,712989,334550573.0
https://cs.stanford.edu/people/rak248/VG_100K/712990.jpg,1024,577,,712990,9357336385.0
https://cs.stanford.edu/people/rak248/VG_100K/712991.jpg,687,1024,445306.0,712991,4464720916.0
https://cs.stanford.edu/people/rak248/VG_100K/712993.jpg,960,1280,294416.0,712993,105045559.0
https://cs.stanford.edu/people/rak248/VG_100K/712996.jpg,680,1024,180672.0,712996,3737116589.0
https://cs.stanford.edu/people/rak248/VG_100K/712997.jpg,650,1024,397117.0,712997,5517129014.0
https://cs.stanford.edu/people/rak248/VG_100K/712998.jpg,683,1024,,712998,6279585054.0
https://cs.stanford.edu/people/rak248/VG_100K/712999.jpg,1024,768,271862.0,712999,231761148.0
https://cs.stanford.edu/people/rak248/VG_100K/713000.jpg,682,1024,365738.0,713000,7783261130.0
https://cs.stanford.edu/people/rak248/VG_100K/713002.jpg,1024,683,,713002,6636124103.0
https://cs.stanford.edu/people/rak248/VG_100K/713003.jpg,768,1024,548136.0,713003,8667757362.0
https://cs.stanford.edu/people/rak248/VG_100K/713004.jpg,681,1024,,713004,5583851506.0
https://cs.stanford.edu/people/rak248/VG_100K/713009.jpg,682,1024,,713009,9682506274.0
https://cs.stanford.edu/people/rak248/VG_100K/713012.jpg,853,1280,301998.0,713012,4089484417.0
https://cs.stanford.edu/people/rak248/VG_100K/713013.jpg,683,1024,232250.0,713013,7370871500.0
https://cs.stanford.edu/people/rak248/VG_100K/713014.jpg,768,1024,540943.0,713014,877841440.0
https://cs.stanford.edu/people/rak248/VG_100K/713015.jpg,800,599,382857.0,713015,311802141.0
https://cs.stanford.edu/people/rak248/VG_100K/713017.jpg,768,1024,432637.0,713017,2894344691.0
https://cs.stanford.edu/people/rak248/VG_100K/713018.jpg,749,1024,220505.0,713018,2504169523.0
https://cs.stanford.edu/people/rak248/VG_100K/713019.jpg,768,1024,,713019,5953228514.0
https://cs.stanford.edu/people/rak248/VG_100K/713022.jpg,1024,683,394190.0,713022,4567247759.0
https://cs.stanford.edu/people/rak248/VG_100K/713023.jpg,480,640,,713023,4278547360.0
https://cs.stanford.edu/people/rak248/VG_100K/713024.jpg,768,1024,171155.0,713024,2385152477.0
https://cs.stanford.edu/people/rak248/VG_100K/713025.jpg,681,1024,,713025,8238646603.0
https://cs.stanford.edu/people/rak248/VG_100K/713026.jpg,576,1024,,713026,9704566676.0
https://cs.stanford.edu/people/rak248/VG_100K/713027.jpg,674,1024,,713027,2229756214.0
https://cs.stanford.edu/people/rak248/VG_100K/713030.jpg,1024,768,79930.0,713030,7622250392.0
https://cs.stanford.edu/people/rak248/VG_100K/713031.jpg,683,1024,,713031,7435698780.0
https://cs.stanford.edu/people/rak248/VG_100K/713032.jpg,556,1024,498666.0,713032,9701240505.0
https://cs.stanford.edu/people/rak248/VG_100K/713033.jpg,1024,1024,,713033,5111487593.0
https://cs.stanford.edu/people/rak248/VG_100K/713037.jpg,683,1024,95676.0,713037,6799287788.0
https://cs.stanford.edu/people/rak248/VG_100K/713039.jpg,742,1024,229468.0,713039,8618978499.0
https://cs.stanford.edu/people/rak248/VG_100K/713040.jpg,768,1024,,713040,5813297357.0
https://cs.stanford.edu/people/rak248/VG_100K/713041.jpg,1024,768,487870.0,713041,5079184298.0
https://cs.stanford.edu/people/rak248/VG_100K/713044.jpg,768,1024,,713044,2435608384.0
https://cs.stanford.edu/people/rak248/VG_100K/713046.jpg,663,1024,298464.0,713046,167663729.0
https://cs.stanford.edu/people/rak248/VG_100K/713047.jpg,1024,768,332221.0,713047,5993603031.0
https://cs.stanford.edu/people/rak248/VG_100K/713048.jpg,772,1024,,713048,8018053239.0
https://cs.stanford.edu/people/rak248/VG_100K/713052.jpg,683,1024,138977.0,713052,7327194804.0
https://cs.stanford.edu/people/rak248/VG_100K/713056.jpg,768,1024,,713056,4173816642.0
https://cs.stanford.edu/people/rak248/VG_100K/713057.jpg,685,1024,,713057,4503984838.0
https://cs.stanford.edu/people/rak248/VG_100K/713058.jpg,684,1024,,713058,5776362104.0
https://cs.stanford.edu/people/rak248/VG_100K/713059.jpg,768,1024,,713059,136745115.0
https://cs.stanford.edu/people/rak248/VG_100K/713060.jpg,768,1024,272832.0,713060,8007799838.0
https://cs.stanford.edu/people/rak248/VG_100K/713061.jpg,695,1024,397483.0,713061,9496685848.0
https://cs.stanford.edu/people/rak248/VG_100K/713062.jpg,681,1024,,713062,3553251149.0
https://cs.stanford.edu/people/rak248/VG_100K/713063.jpg,680,1024,1712.0,713063,9371865550.0
https://cs.stanford.edu/people/rak248/VG_100K/713064.jpg,768,1024,,713064,5232704071.0
https://cs.stanford.edu/people/rak248/VG_100K/713065.jpg,678,1024,,713065,9311848248.0
https://cs.stanford.edu/people/rak248/VG_100K/713067.jpg,731,1024,,713067,6069328607.0
https://cs.stanford.edu/people/rak248/VG_100K/713068.jpg,960,1280,,713068,108733812.0
https://cs.stanford.edu/people/rak248/VG_100K/713069.jpg,1024,768,359399.0,713069,5494957175.0
https://cs.stanford.edu/people/rak248/VG_100K/713070.jpg,681,1024,,713070,5045708187.0
https://cs.stanford.edu/people/rak248/VG_100K/713072.jpg,768,1024,,713072,5694191645.0
https://cs.stanford.edu/people/rak248/VG_100K/713073.jpg,681,1024,,713073,3944029016.0
https://cs.stanford.edu/people/rak248/VG_100K/713074.jpg,683,1024,,713074,5713467063.0
https://cs.stanford.edu/people/rak248/VG_100K/713075.jpg,768,1024,161051.0,713075,421793525.0
https://cs.stanford.edu/people/rak248/VG_100K/713078.jpg,683,1024,,713078,2509842384.0
https://cs.stanford.edu/people/rak248/VG_100K/713079.jpg,768,1024,97967.0,713079,8121946653.0
https://cs.stanford.edu/people/rak248/VG_100K/713080.jpg,768,1024,473571.0,713080,4668761785.0
https://cs.stanford.edu/people/rak248/VG_100K/713081.jpg,1024,680,,713081,3966006696.0
https://cs.stanford.edu/people/rak248/VG_100K/713082.jpg,768,1024,,713082,5986618302.0
https://cs.stanford.edu/people/rak248/VG_100K/713083.jpg,1024,842,,713083,5972285362.0
https://cs.stanford.edu/people/rak248/VG_100K/713087.jpg,768,1024,,713087,4431608416.0
https://cs.stanford.edu/people/rak248/VG_100K/713088.jpg,1024,632,,713088,5099057580.0
https://cs.stanford.edu/people/rak248/VG_100K/713089.jpg,768,1024,296882.0,713089,5584340038.0
https://cs.stanford.edu/people/rak248/VG_100K/713090.jpg,714,1024,,713090,3818783288.0
https://cs.stanford.edu/people/rak248/VG_100K/713091.jpg,1024,680,,713091,6769707399.0
https://cs.stanford.edu/people/rak248/VG_100K/713093.jpg,679,1024,516798.0,713093,6955022349.0
https://cs.stanford.edu/people/rak248/VG_100K/713094.jpg,768,1024,,713094,8353157135.0
https://cs.stanford.edu/people/rak248/VG_100K/713097.jpg,768,1024,294134.0,713097,6360594113.0
https://cs.stanford.edu/people/rak248/VG_100K/713098.jpg,513,1024,,713098,7627232252.0
https://cs.stanford.edu/people/rak248/VG_100K/713101.jpg,768,1024,471097.0,713101,2163160471.0
https://cs.stanford.edu/people/rak248/VG_100K/713103.jpg,768,1024,,713103,6212339165.0
https://cs.stanford.edu/people/rak248/VG_100K/713104.jpg,1024,768,,713104,1279041211.0
https://cs.stanford.edu/people/rak248/VG_100K/713105.jpg,1024,682,,713105,4236560370.0
https://cs.stanford.edu/people/rak248/VG_100K/713106.jpg,683,1024,371330.0,713106,8374215031.0
https://cs.stanford.edu/people/rak248/VG_100K/713107.jpg,1024,768,,713107,8462017885.0
https://cs.stanford.edu/people/rak248/VG_100K/713112.jpg,768,1024,512787.0,713112,122445230.0
https://cs.stanford.edu/people/rak248/VG_100K/713113.jpg,681,1024,,713113,4364097812.0
https://cs.stanford.edu/people/rak248/VG_100K/713124.jpg,1024,683,,713124,2521867980.0
https://cs.stanford.edu/people/rak248/VG_100K/713127.jpg,1024,768,,713127,8702862225.0
https://cs.stanford.edu/people/rak248/VG_100K/713130.jpg,891,604,166840.0,713130,3783238023.0
https://cs.stanford.edu/people/rak248/VG_100K/713131.jpg,800,533,,713131,2230969519.0
https://cs.stanford.edu/people/rak248/VG_100K/713132.jpg,767,1024,385675.0,713132,6927589762.0
https://cs.stanford.edu/people/rak248/VG_100K/713133.jpg,1024,768,314812.0,713133,2619522027.0
https://cs.stanford.edu/people/rak248/VG_100K/713134.jpg,1024,1012,90011.0,713134,1120048014.0
https://cs.stanford.edu/people/rak248/VG_100K/713135.jpg,768,1024,529667.0,713135,15323818.0
https://cs.stanford.edu/people/rak248/VG_100K/713137.jpg,612,612,,713137,8573217609.0
https://cs.stanford.edu/people/rak248/VG_100K/713140.jpg,553,1024,157704.0,713140,9561419764.0
https://cs.stanford.edu/people/rak248/VG_100K/713142.jpg,768,1024,543833.0,713142,254193926.0
https://cs.stanford.edu/people/rak248/VG_100K/713143.jpg,768,1024,439837.0,713143,7139423751.0
https://cs.stanford.edu/people/rak248/VG_100K/713144.jpg,576,383,520147.0,713144,3248447214.0
https://cs.stanford.edu/people/rak248/VG_100K/713146.jpg,768,1024,399540.0,713146,9035022212.0
https://cs.stanford.edu/people/rak248/VG_100K/713147.jpg,683,1024,,713147,3053662468.0
https://cs.stanford.edu/people/rak248/VG_100K/713150.jpg,683,1024,,713150,9509838518.0
https://cs.stanford.edu/people/rak248/VG_100K/713152.jpg,523,930,,713152,8965060540.0
https://cs.stanford.edu/people/rak248/VG_100K/713153.jpg,1024,837,,713153,5144081127.0
https://cs.stanford.edu/people/rak248/VG_100K/713154.jpg,768,1024,,713154,3742232385.0
https://cs.stanford.edu/people/rak248/VG_100K/713155.jpg,767,1024,37864.0,713155,4559376344.0
https://cs.stanford.edu/people/rak248/VG_100K/713156.jpg,768,1024,,713156,9653331120.0
https://cs.stanford.edu/people/rak248/VG_100K/713157.jpg,683,1024,471156.0,713157,8304796658.0
https://cs.stanford.edu/people/rak248/VG_100K/713160.jpg,768,1024,,713160,2484981229.0
https://cs.stanford.edu/people/rak248/VG_100K/713163.jpg,768,1024,,713163,2385143493.0
https://cs.stanford.edu/people/rak248/VG_100K/713165.jpg,683,1024,,713165,5843016079.0
https://cs.stanford.edu/people/rak248/VG_100K/713166.jpg,768,1024,445309.0,713166,2399968697.0
https://cs.stanford.edu/people/rak248/VG_100K/713167.jpg,684,1024,,713167,8738400295.0
https://cs.stanford.edu/people/rak248/VG_100K/713168.jpg,683,1024,,713168,4347518965.0
https://cs.stanford.edu/people/rak248/VG_100K/713169.jpg,600,800,349932.0,713169,4552631826.0
https://cs.stanford.edu/people/rak248/VG_100K/713171.jpg,577,1024,115930.0,713171,8447275481.0
https://cs.stanford.edu/people/rak248/VG_100K/713172.jpg,574,1024,201148.0,713172,8739323090.0
https://cs.stanford.edu/people/rak248/VG_100K/713174.jpg,768,1024,331298.0,713174,2572601371.0
https://cs.stanford.edu/people/rak248/VG_100K/713175.jpg,683,1024,521071.0,713175,4433860306.0
https://cs.stanford.edu/people/rak248/VG_100K/713178.jpg,1024,729,254806.0,713178,2997556599.0
https://cs.stanford.edu/people/rak248/VG_100K/713184.jpg,682,1024,,713184,8302079567.0
https://cs.stanford.edu/people/rak248/VG_100K/713185.jpg,680,1024,,713185,5388505432.0
https://cs.stanford.edu/people/rak248/VG_100K/713187.jpg,681,1024,171468.0,713187,3278289986.0
https://cs.stanford.edu/people/rak248/VG_100K/713188.jpg,785,1024,,713188,7981043339.0
https://cs.stanford.edu/people/rak248/VG_100K/713189.jpg,681,1024,486628.0,713189,1917498092.0
https://cs.stanford.edu/people/rak248/VG_100K/713190.jpg,738,1000,,713190,180202155.0
https://cs.stanford.edu/people/rak248/VG_100K/713191.jpg,683,1024,93329.0,713191,2359293784.0
https://cs.stanford.edu/people/rak248/VG_100K/713192.jpg,1024,682,322376.0,713192,3469000344.0
https://cs.stanford.edu/people/rak248/VG_100K/713194.jpg,1024,683,330236.0,713194,536158324.0
https://cs.stanford.edu/people/rak248/VG_100K/713196.jpg,1024,768,,713196,4418514401.0
https://cs.stanford.edu/people/rak248/VG_100K/713197.jpg,1024,768,17877.0,713197,4725954066.0
https://cs.stanford.edu/people/rak248/VG_100K/713198.jpg,675,1024,483001.0,713198,3212455837.0
https://cs.stanford.edu/people/rak248/VG_100K/713204.jpg,810,1024,561885.0,713204,8524940626.0
